benchmark,result,exit_code,cpu_time_seconds,system_time_seconds,wall_time_seconds,cpu_percentage,max_memory_kb,avg_memory_kb,major_page_faults,minor_page_faults,voluntary_context_switches,involuntary_context_switches,file_system_inputs,file_system_outputs,socket_messages_sent,socket_messages_received,signals_delivered,page_size_bytes,conflicts,decisions,propagations,restarts,conflict_literals,learnt_literals,max_literals,tot_literals,variables,clauses,original_clauses,learned_clauses_deleted,avg_clause_length,conflicts_per_second,decisions_per_second,propagations_per_second,random_decisions_percentage,preprocessing_time,solving_time,total_literals_in_learned,deleted_literals_percentage,file_size_bytes
fb0e505b8bd19a34f1f80b8e020e7856-constraints_17_0.4_2.sanitized,UNSAT,20,0,0,464.676697705,99,0,0,0,0,532,1554,848,0,0,0,0,4096,332599,594070,43472210,766,17833829,17833829,,17833829,2720,57086,57086,51.08,.09,715.76,1278.45,93553.66,0.00,,,17833829,51.08,29454384
fa5c6d6736a42650656c5bc018413254-bphp_p23_h22.sanitized,TIMEOUT,124,0,0,5000.138682001,99,0,0,0,0,42,1591,120,0,0,0,0,4096,,,,,,,,,115,5796,5796,,.03,,,,,,,,,209070
fae08ac5b6d7eeb4f56f1cfac6c51703-j3045_4_mdd_bm1,TIMEOUT,124,0,0,5000.145296646,99,0,0,0,0,62,6126,96,0,0,0,0,4096,,,,,,,,,13043,51999,51999,,.50,,,,,,,,,815490
fa50d69adc71fe4daf7f9088cd02864a-circuit_32in64out_with_150gates_6in6out_dist256_seed1.sanitized,TIMEOUT,124,0,0,5000.173679096,99,0,0,0,0,567,4959,0,0,0,0,0,4096,,,,,,,,,932,604800,604800,,0,,,,,,,,,32828849
f86dad4ba35369eb720a0c9ddc45037a-combined-crypto1-wff-seed-1-wffvars-450-cryptocplx-40-overlap-2,SAT,10,0,0,2203.255180865,99,0,0,0,0,49,802,0,0,0,0,0,4096,24039724,29279356,1530696520,32767,525184558,525184558,,525184558,1729,21678,21678,22.97,.15,10911.00,13289.13,694743.18,0.00,,,525184558,22.97,575804
f8443057c188f6c9cfb711ff3d4aa6ff-constraints_17_0.5_2.sanitized,UNSAT,20,0,0,2441.798829557,99,0,0,0,0,814,1830,0,0,0,0,0,4096,256804,456944,32978156,605,15989818,15989818,,15989818,2720,105706,105706,55.35,.05,105.17,187.13,13505.68,0.00,,,15989818,55.35,48153065
f7e855b18105170b0718086d3f5b5923-j3045_10_rggt_b,TIMEOUT,124,0,0,5000.152846448,99,0,0,0,0,54,10765,0,0,0,0,0,4096,,,,,,,,,14751,63112,63112,,.46,,,,,,,,,1055972
f746dae2050dd4aa48bcd53e8bd897b4-ex065_25,TIMEOUT,124,0,0,5000.164508340,99,0,0,0,0,157,8338,0,0,0,0,0,4096,,,,,,,,,74776,383421,383421,,.39,,,,,,,,,7408618
f54b352934be08821aa75b3424112956-linked_list_swap_contents_safety_unwind54,UNSAT,20,0,0,201.189704123,96,0,0,0,0,8651,301,0,0,0,0,0,4096,2903,980748,118035249,15,4403078,4403078,,4403078,1925993,21035273,21035273,28.10,.18,14.42,4874.74,586686.32,0.00,,,4403078,28.10,531278941
f70788e8446c1bc42684316de0a6c164-hwmcc20miters-iso-mul3.sanitized,TIMEOUT,124,0,0,5000.359640661,99,0,0,0,0,472,9024,0,0,0,0,0,4096,,,,,,,,,397070,1319964,1319964,,.60,,,,,,,,,26950883
f48735588e3515135f039e8bc8efaee5-asconhashv12_opt64_H11_M2-MxJOnbQIXNd_m5_6.c,SAT,10,0,0,30.252113417,99,0,0,0,0,163,145,0,0,0,0,0,4096,149285,675617,63950698,395,12207259,12207259,,12207259,158794,372805,372805,10.41,.85,4934.69,22332.88,2113924.97,0.00,,,12207259,10.41,7874388
f50eaf02a8041510b64104998cc81d2f-sted5_0x24204-50,SAT,10,0,0,1897.741958492,99,0,0,0,0,57,1168,0,0,0,0,0,4096,5984554,7614696,1090373111,9595,245962904,245962904,,245962904,2345,61855,61855,35.66,.07,3153.51,4012.50,574563.42,0.00,,,245962904,35.66,1272276
f45e5faf1bcccbdd3065dd6367c3bd16-x9-10083.sat.sanitized,UNSAT,20,0,0,1988.388682326,99,0,0,0,0,40,3225,0,0,0,0,0,4096,35706089,43783770,3692957748,49150,1132854515,1132854515,,1132854515,500,4512,4512,27.28,.22,17957.29,22019.72,1857261.50,0.00,,,1132854515,27.28,55969
f561c52b987bdb9031a477864070b759-Ptn-7824-b18,TIMEOUT,124,0,0,5000.163585653,99,0,0,0,0,40,4919,0,0,0,0,0,4096,,,,,,,,,3692,13727,13727,,.53,,,,,,,,,232409
f296fe701a562022c0de0cf565fbca7d-x9-08014.sat.sanitized,UNSAT,20,0,0,124.770223517,99,0,0,0,0,36,179,0,0,0,0,0,4096,3874906,4783739,342185532,6824,104507202,104507202,,104507202,400,3597,3597,26.33,.22,31056.33,38340.38,2742525.59,0.00,,,104507202,26.33,44138
f376d4c191518ed704326960b6b19a4b-x9-10084.sat.sanitized,UNSAT,20,0,0,2517.994757549,99,0,0,0,0,39,985,0,0,0,0,0,4096,44679027,54572767,4611660782,63138,1439778566,1439778566,,1439778566,500,4511,4511,27.94,.22,17743.89,21673.10,1831481.48,0.00,,,1439778566,27.94,55926
f32bb347996c351bc3e9a91c58e8601d-DLTM_twitter774_83_17,TIMEOUT,124,0,0,5000.139057825,99,0,0,0,0,71,7384,0,0,0,0,0,4096,,,,,,,,,21208,122062,122062,,.34,,,,,,,,,2168437
f18c7c7b8666458fd04ea7a253ae1e20-FmlaImplyChain_3_7_7.sanitized,TIMEOUT,124,0,0,5000.270923879,99,0,0,0,0,64,12743,0,0,0,0,0,4096,,,,,,,,,16093,95886,95886,,.33,,,,,,,,,1700216
f054205a7cef98e5021016f864c69816-summle_X11112_steps6_I1-2-2-4-4-8-25-100,SAT,10,0,0,50.792707749,99,0,0,0,0,88,67,0,0,0,0,0,4096,201034,288783,238671458,510,6638360,6638360,,6638360,76707,163276,163276,53.48,.93,3957.93,5685.52,4698931.57,0.00,,,6638360,53.48,3275780
f16b7329ef5728f722c291156b3b098e-af-synthesis_stb_50_100_9_unsat,TIMEOUT,124,0,0,5000.171915396,99,0,0,0,0,124,9654,0,0,0,0,0,4096,,,,,,,,,21894,248471,248471,,.17,,,,,,,,,5486519
ef330d1b144055436a2d576601191ea5-crn_11_99_u,UNSAT,20,0,0,114.330946522,99,0,0,0,0,38,443,0,0,0,0,0,4096,12860569,17304207,641137747,19020,242861503,242861503,,242861503,1287,2332,2332,14.97,1.10,112485.45,151351.90,5607735.84,0.00,,,242861503,14.97,38796
f15ad4206d95a3f8f1358b33301539be-ER_400_20_7.apx_1_DC-AD,TIMEOUT,124,0,0,5000.142479371,99,0,0,0,0,45,5229,0,0,0,0,0,4096,,,,,,,,,802,48037,48037,,.03,,,,,,,,,584415
f0426369f61595aee97055965ee7e6a3-hwmcc12miters-xits-iso-6s111.sanitized,TIMEOUT,124,0,0,5000.353431863,99,0,0,0,0,705,6525,0,0,0,0,0,4096,,,,,,,,,689179,2102485,2102485,,.65,,,,,,,,,41382867
ef16970ab9da31165d3c401ff9b29168-Folkman-185-152478531.sanitized,TIMEOUT,124,0,0,5000.138158277,99,0,0,0,0,44,10612,0,0,0,0,0,4096,,,,,,,,,17014,21018,21018,,1.61,,,,,,,,,410563
eddd68e14d69cce7190b99f4e7abdafb-x9-10098.sat.sanitized,SAT,10,0,0,83.344170733,99,0,0,0,0,38,64,0,0,0,0,0,4096,2359652,3037645,244910034,4095,77277112,77277112,,77277112,500,4496,4496,23.77,.22,28312.14,36447.00,2938538.25,0.00,,,77277112,23.77,55796
edceb8782e72e290fa54757dbfdd0173-x9-09057.sat.sanitized,UNSAT,20,0,0,432.918301198,99,0,0,0,0,38,183,0,0,0,0,0,4096,10914303,13308948,1060287674,16383,321843216,321843216,,321843216,450,4051,4051,26.52,.22,25210.99,30742.40,2449163.43,0.00,,,321843216,26.52,50018
eda4aa84aeeb306468396fa82a6bba5a-pb_300_05_lb_17,SAT,10,0,0,1825.927506012,99,0,0,0,0,226,2349,0,0,0,0,0,4096,1339242,4496381,1893830131,2558,240247438,240247438,,240247438,145862,624664,624664,26.13,.46,733.45,2462.51,1037188.01,0.00,,,240247438,26.13,11665679
eed5189b73738270ae3fdb8b33bf31c8-Folkman-180-11710376.sanitized,TIMEOUT,124,0,0,5000.134444614,99,0,0,0,0,43,8394,0,0,0,0,0,4096,,,,,,,,,16092,19102,19102,,1.68,,,,,,,,,371981
ee57608ea4b74f25aebca809d59711c9-oisc-subrv-sll-nested-13,TIMEOUT,124,0,0,5000.495873634,99,0,0,0,0,13184,5845,0,0,0,0,0,4096,,,,,,,,,9898473,34375985,34375985,,.57,,,,,,,,,810861609
ecca77b5350eca6a4323edd5b38208c6-004,SAT,10,0,0,1978.644460798,99,0,0,0,0,116,2411,0,0,0,0,0,4096,14993659,102431336,1801102283,22525,1749608507,1749608507,,1749608507,4288,76353,76353,11.49,.11,7577.74,51768.43,910270.80,0.00,,,1749608507,11.49,4913074
e99e266b422513a2898c13898a1de501-rbsat-v760c43649gyes9,SAT,10,0,0,86.366124968,99,0,0,0,0,44,53,0,0,0,0,0,4096,972767,1415093,87373003,2045,48750064,48750064,,48750064,760,43649,43649,49.42,.03,11263.29,16384.81,1011658.25,0.00,,,48750064,49.42,512336
e8abb9c83efdd96a99990f3b914ea873-linked_list_swap_contents_safety_unwind57,UNSAT,20,0,0,247.496940242,97,0,0,0,0,9557,386,0,0,0,0,0,4096,5632,2971919,270748634,30,9878377,9878377,,9878377,2072718,23155606,23155606,28.79,.17,22.75,12007.90,1093947.39,0.00,,,9878377,28.79,587371232
e85fb114c33f450dc2622c78bc6fa019-lru_7.sanitized,ERROR,0,0,0,45.116645757,67,0,0,0,0,21341,48,256,0,0,0,0,4096,,,,,,,,,0,0,0,,0,,,,,,,,,1834162897
ec84eecb124c63d4757e083dd0e5a9ff-mchess_15,UNSAT,20,0,0,4347.128518717,99,0,0,0,0,40,6815,0,0,0,0,0,4096,490961797,734773313,10122817931,524287,9054564739,9054564739,,9054564739,420,1387,1387,16.61,.60,112939.33,169024.98,2328621.72,0.00,,,9054564739,16.61,16994
ea827f81bd0e9735739adc0d9da1b446-ER_500_30_3.apx_2_DC-AD,TIMEOUT,124,0,0,5000.146356392,99,0,0,0,0,58,9815,0,0,0,0,0,4096,,,,,,,,,1002,113463,113463,,.01,,,,,,,,,1393533
e85e793a66a2c9d390f40acf29a5346b-1-ET-512-K-110.sanitized,TIMEOUT,124,0,0,5000.221893137,99,0,0,0,0,702,7567,0,0,0,0,0,4096,,,,,,,,,51349,2541296,2541296,,.04,,,,,,,,,41137934
e6cdc2687fa53506021f05b60ad0c6a2-GracefulGraph-K05-P02_c18,SAT,10,0,0,226.911041670,99,0,0,0,0,43,885,0,0,0,0,0,4096,3705210,4650025,514573942,6458,108682648,108682648,,108682648,1385,27650,27650,38.40,.10,16328.91,20492.72,2267734.25,0.00,,,108682648,38.40,383684
e84b00b1f134e0e071a2baf54cfc90e8-ER_400_20_4.apx_2_DC-ST,TIMEOUT,124,0,0,5000.134089427,99,0,0,0,0,45,5771,0,0,0,0,0,4096,,,,,,,,,802,49551,49551,,.03,,,,,,,,,602472
e7248b57a310ad461924eb17956cdf3a-Folkman-190-358004741.sanitized,TIMEOUT,124,0,0,5000.152388632,99,0,0,0,0,44,4851,0,0,0,0,0,4096,,,,,,,,,17937,22134,22134,,1.62,,,,,,,,,435163
e371cd7cdde3e7ccb9834290fd4a92d0-32_350.sanitized,ERROR,0,0,0,48.275127483,66,0,0,0,0,21271,54,0,0,0,0,0,4096,,,,,,,,,0,0,0,,0,,,,,,,,,2402803061
e2deb375e56da2360ecd08fc1179fb7d-circuit_48in24out_with_100gates_7in7out_dist128_seed1.sanitized,SAT,10,0,0,542.356906297,99,0,0,0,0,1697,797,0,0,0,0,0,4096,73075,150125,1959323,228,1319155,1319155,,1319155,748,1625600,1625600,6.46,0,134.73,276.80,3612.60,0.00,,,1319155,6.46,102608136
e0bf26a7527cd162c7d3016d4b2ab9fb-md5_48_1,SAT,10,0,0,147.734995195,99,0,0,0,0,126,199,0,0,0,0,0,4096,584557,3894872,276281910,1244,38216856,38216856,,38216856,66892,239929,239929,15.20,.55,3956.79,26363.90,1870118.24,0.00,,,38216856,15.20,5624918
e481a97a93fd6b4303f39024d19c2867-j3037_1_gmto_b,TIMEOUT,124,0,0,5000.154743135,99,0,0,0,0,56,2793,0,0,0,0,0,4096,,,,,,,,,21015,69505,69505,,.60,,,,,,,,,1224186
e08f11f0a3bd266ee5c78ce332de107f-x9-10096.sat.sanitized,UNSAT,20,0,0,2055.303455651,99,0,0,0,0,40,2454,0,0,0,0,0,4096,37360530,45846326,3873346188,51579,1243424297,1243424297,,1243424297,500,4502,4502,27.23,.22,18177.62,22306.35,1884561.70,0.00,,,1243424297,27.23,55803
e067414e153ee98a7842bd6d6dafeee5-af-synthesis_stb_50_200_0_sat,SAT,10,0,0,143.838468048,99,0,0,0,0,198,278,0,0,0,0,0,4096,248801,323348,300464070,574,9423260,9423260,,9423260,32717,462721,462721,50.87,.14,1729.72,2247.99,2088899.26,0.00,,,9423260,50.87,10051505
e38601380bfbab35dd8c5927283533fb-lec_mult_CvK_11x11.sanitized,TIMEOUT,124,0,0,5000.123080232,99,0,0,0,0,41,6329,0,0,0,0,0,4096,,,,,,,,,5061,15140,15140,,.66,,,,,,,,,216510
ded23680dfeab2879c05bc0e4de21126-x9-09014.sat.sanitized,UNSAT,20,0,0,416.454690591,99,0,0,0,0,39,234,0,0,0,0,0,4096,10326935,12700855,991486880,16382,299314429,299314429,,299314429,450,4051,4051,27.20,.22,24797.25,30497.56,2380779.71,0.00,,,299314429,27.20,50003
df1bd67978b9b0ec1d326ba174bc273c-x9-12021.sat.sanitized,SAT,10,0,0,658.260183409,99,0,0,0,0,38,566,0,0,0,0,0,4096,12198399,15843789,1432349592,17916,459349447,459349447,,459349447,600,5392,5392,24.10,.22,18531.27,24069.18,2175962.67,0.00,,,459349447,24.10,67331
ddc0720fa5a91d9cc0dc726644ab9e9f-6s167-opt,UNSAT,20,0,0,1002.305298990,99,0,0,0,0,41,728,0,0,0,0,0,4096,35090066,49487203,3963258190,49149,1060020304,1060020304,,1060020304,4640,13079,13079,47.29,.70,35009.35,49373.38,3954142.70,0.00,,,1060020304,47.29,190638
e06be7a69dbd6d6866a2799cd40c4bfe-hwmcc20miters-iso-mul7.sanitized,TIMEOUT,124,0,0,5000.287207245,99,0,0,0,0,473,7429,0,0,0,0,0,4096,,,,,,,,,398684,1325288,1325288,,.60,,,,,,,,,27065683
de7a6b03999e2bc5bd750831c2662a4d-noL-11-18.sanitized,TIMEOUT,124,0,0,5000.163586202,99,0,0,0,0,40,7437,0,0,0,0,0,4096,,,,,,,,,1419,7821,7821,,.36,,,,,,,,,133559
dd7164f2592c9675618c5c99af9b70f3-1-ZC-512-K-64.sanitized,TIMEOUT,124,0,0,5000.172347797,99,0,0,0,0,317,6866,0,0,0,0,0,4096,,,,,,,,,31776,1082779,1082779,,.05,,,,,,,,,17467365
dd57f6ebf07a7f932a82bed1877788e6-lec_mult_KvW_10x10.sanitized,UNSAT,20,0,0,1237.178014707,99,0,0,0,0,41,2128,0,0,0,0,0,4096,14588137,16450190,4807866231,21879,445438305,445438305,,445438305,3790,11331,11331,70.95,.66,11791.46,13296.54,3886155.56,0.00,,,445438305,70.95,160565
dd5fc8da5454a990a0e7999884158c64-1-ET-256-K-70.sanitized,TIMEOUT,124,0,0,5000.156665908,99,0,0,0,0,159,8468,0,0,0,0,0,4096,,,,,,,,,16017,501116,501116,,.06,,,,,,,,,7663473
dcf5b8224d1e0748871c83ee10067255-2dlx_ca_bp_f_liveness,TIMEOUT,124,0,0,5000.418695656,99,0,0,0,0,1575,6527,0,0,0,0,0,4096,,,,,,,,,202253,4313013,4313013,,.09,,,,,,,,,95015993
dc7817dfa2817916b266c1cfacd2ee66-constraints_25_4_5_12_12_0_0_0.sanitized,TIMEOUT,124,0,0,5000.145110903,99,0,0,0,0,89,10271,0,0,0,0,0,4096,,,,,,,,,14650,110155,110155,,.26,,,,,,,,,3226476
db15a85651e0d941a11bf8640625edd8-mdp-32-11-sat,TIMEOUT,124,0,0,5000.133513951,99,0,0,0,0,38,1883,0,0,0,0,0,4096,,,,,,,,,1038,5841,5841,,.35,,,,,,,,,93195
dafc03ea784fee849febca7b64230558-pcmax-scheduling-m30-14113-167638-UNSAT.sanitized,TIMEOUT,124,0,0,5000.161821006,99,0,0,0,0,81,9789,0,0,0,0,0,4096,,,,,,,,,14112,166497,166497,,.16,,,,,,,,,2826926
dacb03ea801d459ef08db23a8b1d104f-lec_mult_DvW_12x12.sanitized,TIMEOUT,124,0,0,5000.171310086,99,0,0,0,0,39,4390,0,0,0,0,0,4096,,,,,,,,,3153,9412,9412,,.66,,,,,,,,,131299
da929c2aefde5e59878ad87c4323e581-pcmax-scheduling-m12-8049-55035-SAT.sanitized,TIMEOUT,124,0,0,5000.152111437,99,0,0,0,0,51,6088,0,0,0,0,0,4096,,,,,,,,,8048,54850,54850,,.29,,,,,,,,,960142
d7f2e4ec8e631387c928c79e1054c663-stb_418_125.apx_1_DC-AD,TIMEOUT,124,0,0,6166.706110820,81,0,0,0,0,40,5375,0,0,0,0,0,4096,,,,,,,,,836,16644,16644,,.10,,,,,,,,,204991
d7dbb2cba940af33b2bce37ea99b8110-6s130-opt,TIMEOUT,124,0,0,6166.679299327,81,0,0,0,0,74,7265,0,0,0,0,0,4096,,,,,,,,,49370,144360,144360,,.68,,,,,,,,,2385283
d7627176604d5b86f34d2f5d14d8ee99-worker_40_80_40_0.9,TIMEOUT,124,0,0,12787.615936955,39,0,0,0,0,54,11771,0,0,0,0,0,4096,,,,,,,,,2508,87544,87544,,.05,,,,,,,,,1158002
d5f6b2092795aad67d1df1fd3a329552-ER_400_20_7.apx_2_DC-ST,TIMEOUT,124,0,0,21356.870884682,23,0,0,0,0,45,3651,0,0,0,0,0,4096,,,,,,,,,802,48438,48438,,.03,,,,,,,,,588317
d40a68825bdbcdd7642b249325a7b6a2-Folkman-180-5383714.sanitized,TIMEOUT,124,0,0,21356.931084208,23,0,0,0,0,42,5744,0,0,0,0,0,4096,,,,,,,,,16109,19268,19268,,1.67,,,,,,,,,373996
d195412a62cdcbb851136f60af76f463-x9-09098.sat.sanitized,UNSAT,20,0,0,506.694946538,99,0,0,0,0,38,283,0,0,0,0,0,4096,10989180,13595376,1041926341,16383,326775852,326775852,,326775852,450,4047,4047,26.10,.22,21687.96,26831.48,2056318.79,0.00,,,326775852,26.10,50052
d1940d3d830eb16a7d2270ca4af4acba-mdp-28-11-sat,SAT,10,0,0,673.872071586,99,0,0,0,0,38,288,0,0,0,0,0,4096,20654975,21392974,4453498823,31328,517844326,517844326,,517844326,799,4437,4437,32.08,.36,30651.18,31746.34,6608819.40,0.00,,,517844326,32.08,69854
d3893e43819a907055a84e48a6ee97ba-g2-ak128boothbg2msaig,TIMEOUT,124,0,0,14754.099515310,34,0,0,0,0,549,9055,0,0,0,0,0,4096,,,,,,,,,572519,1715261,1715261,,.66,,,,,,,,,31715559
d11944fbca2dd6540f18bd05b6ccda0c-mdp-32-14-sat,TIMEOUT,124,0,0,5118.959573122,99,0,0,0,0,39,2497,0,0,0,0,0,4096,,,,,,,,,1027,5749,5749,,.35,,,,,,,,,91640
d02fae1e84cfbe799c792ba237f08f66-exam_flat_0.04_2018_3,TIMEOUT,124,0,0,5131.910335238,99,0,0,0,0,662,14898,0,0,0,0,0,4096,,,,,,,,,1275631,1974386,1974386,,1.29,,,,,,,,,38757369
cd361d33986dccd7f2d86016d6c35241-ecarev-110-4099-22-30-7,SAT,10,0,0,354.895884754,99,0,0,0,0,311,569,0,0,0,0,0,4096,3792587,30543343,691559163,6652,75221973,75221973,,75221973,127069,737820,737820,22.45,.34,10686.47,86062.82,1948625.47,0.00,,,75221973,22.45,16920938
cdd131110acc861a5a01fae6c4936c91-6g_6color_366_050_04,TIMEOUT,124,0,0,5147.490179846,99,0,0,0,0,2202,10242,0,0,0,0,0,4096,,,,,,,,,77328,8485566,8485566,,.01,,,,,,,,,133637786
cd33a862b81ba7b887845d3510c41c62-MASG0_72_keystream76_0,SAT,10,0,0,3877.098879101,99,0,0,0,0,46,3560,0,0,0,0,0,4096,24790088,25450785,24052126872,33277,570517109,570517109,,570517109,3426,20454,20454,57.59,.33,6393.97,6564.38,6203640.30,0.00,,,570517109,57.59,516722
cdce6277b01ae06ddb95468c5f05de71-simon-r17-0.sanitized,TIMEOUT,124,0,0,5239.604398602,100,0,0,0,0,40,2973,0,0,0,0,0,4096,,,,,,,,,2848,9312,9312,,.61,,,,,,,,,147995
cccee4b0d4c70a5d5422663e2d8887da-1-ET-512-K-96.sanitized,TIMEOUT,124,0,0,5193.170839019,100,0,0,0,0,576,11704,0,0,0,0,0,4096,,,,,,,,,45616,2064043,2064043,,.04,,,,,,,,,33388428
ca14adcb9296a7b31d7815c2ed16d0f1-ITC2021_Early_3.xml,SAT,10,0,0,.430009155,76,0,0,0,0,65,1,0,0,0,0,0,4096,906,22203,786193,7,58452,58452,,58452,29478,125712,125712,0.28,.46,2106.93,51633.78,1828316.88,0.00,,,58452,0.28,1971688
c9f511adbb3d6e1b37b410f972f270c6-af-synthesis_stb_50_140_3_unsat,UNSAT,20,0,0,1068.209308956,99,0,0,0,0,151,1528,0,0,0,0,0,4096,1129802,1299229,1148699736,2059,36809626,36809626,,36809626,25851,326840,326840,64.23,.15,1057.65,1216.26,1075350.80,0.00,,,36809626,64.23,7135936
c8e64404361f2426490d39459832c66a-64_25.sanitized,SAT,10,0,0,100.313786943,96,0,0,0,0,4444,407,0,0,0,0,0,4096,6163,7470746,137467352,30,66409,66409,,66409,4842964,12045456,12045456,3.19,.80,61.43,74473.77,1370373.46,0.00,,,66409,3.19,271867708
c8b129b9e4835b8a40d5ef0d27a45bef-linked_list_swap_contents_safety_unwind78,ERROR,0,0,0,427.469598283,97,0,0,0,0,17193,551,0,0,0,0,0,4096,,,,,,,,,3226168,40833302,40833302,,.15,,,,,,,,,1058320688
cb2e8b7fada420c5046f587ea754d052-clique_n2_k10.sanitized,UNSAT,20,0,0,3631.474069532,100,0,0,0,0,40,3611,0,0,0,0,0,4096,236385729,298015935,2953493581,262653,9582284815,9582284815,,9582284815,180,3160,3160,23.79,.11,65093.60,82064.72,813304.32,0.00,,,9582284815,23.79,34667
c801a020a6c8bc3c287fea495203b114-worker_20_40_20_0.95,SAT,10,0,0,.199667783,31,0,0,0,0,36,0,0,0,0,0,0,4096,144,1102,5600,2,16320,16320,,16320,656,11934,11934,0.21,.10,721.19,5519.16,28046.58,0.00,,,16320,0.21,141155
c82eee3badbc8432dad72d1d575a0ea6-preimage_80r_495m_160h_seed_379,SAT,10,0,0,1655.447978694,99,0,0,0,0,109,3184,0,0,0,0,0,4096,748490,1262948,4212149765,1562,89951955,89951955,,89951955,56108,207941,207941,71.18,.53,452.13,762.90,2544416.87,0.00,,,89951955,71.18,4523409
cc30e4eedbcf9c3bc110894d08781246-j3037_9_mdd_bm1,TIMEOUT,124,0,0,5031.524501231,99,0,0,0,0,58,8476,0,0,0,0,0,4096,,,,,,,,,19502,82348,82348,,.47,,,,,,,,,1363787
c6e03256680b96b52e3345a497333c2b-hwb-n24-02-S786928571.shuffled-as.sat03-1618,UNSAT,20,0,0,443.028873607,99,0,0,0,0,38,208,0,0,0,0,0,4096,50131598,58308636,1549009672,65535,840800709,840800709,,840800709,162,774,774,25.09,.41,113156.50,131613.62,3496407.94,0.00,,,840800709,25.09,11583
c76f3c6c2e2eae85fc5f3d499f3db88d-mp1-blockpuzzle_5x10_s7_free4,UNSAT,20,0,0,1444.968595904,99,0,0,0,0,96,1924,0,0,0,0,0,4096,1631548,3051664,282996298,3070,226030476,226030476,,226030476,2700,278299,278299,44.79,.01,1129.12,2111.92,195849.44,0.00,,,226030476,44.79,3685011
c6568fc8805127e876c4c23551bf49fa-x9-10076.sat.sanitized,UNSAT,20,0,0,1980.760801478,99,0,0,0,0,39,766,0,0,0,0,0,4096,36144952,44644302,3705045772,49334,1154577980,1154577980,,1154577980,500,4496,4496,27.51,.22,18248.01,22538.96,1870516.50,0.00,,,1154577980,27.51,55746
c5ae0ec49de0959cd14431ce851c14f8-Circuit_multiplier22,SAT,10,0,0,924.119203947,99,0,0,0,0,46,429,0,0,0,0,0,4096,13109712,16286243,1162737697,19453,365928058,365928058,,365928058,1013,18793,18793,32.03,.10,14186.16,17623.53,1258211.81,0.00,,,365928058,32.03,559913
c5a98231dd54cbca06135293bb7e1985-x9-11053.sat.sanitized,SAT,10,0,0,253.070380399,99,0,0,0,0,38,120,0,0,0,0,0,4096,5540786,7145625,613998961,8702,193567545,193567545,,193567545,550,4951,4951,23.72,.22,21894.24,28235.72,2426198.43,0.00,,,193567545,23.72,61667
c3e53c353f30d9e2eb54ed93d6ce4f02-x9-09007.sat.sanitized,UNSAT,20,0,0,247.842569754,99,0,0,0,0,37,1105,0,0,0,0,0,4096,6369562,7917381,612976216,10238,181117974,181117974,,181117974,450,4061,4061,26.29,.22,25700.03,31945.20,2473248.30,0.00,,,181117974,26.29,50120
c73edc350cfa8e07af58db50054aea45-noL-11-12.sanitized,TIMEOUT,124,0,0,5000.162553982,99,0,0,0,0,39,4516,0,0,0,0,0,4096,,,,,,,,,1419,7821,7821,,.36,,,,,,,,,133522
c21cea390a50204944aa00babd56b53c-linked_list_swap_contents_safety_unwind70,UNSAT,20,0,0,399.178353740,97,0,0,0,0,14026,500,0,0,0,0,0,4096,3621,2918972,182328413,19,7058334,7058334,,7058334,2762304,33519774,33519774,27.88,.16,9.07,7312.45,456759.26,0.00,,,7058334,27.88,862842004
c214f1eb2576af00e3fb09f7d0305764-64_150.sanitized,ERROR,0,0,0,49.715671360,70,0,0,0,0,21255,56,0,0,0,0,0,4096,,,,,,,,,0,0,0,,0,,,,,,,,,1798339095
c69c5163c9087ffe770743bd4cdafcc9-tseitin_d3_n162.sanitized,TIMEOUT,124,0,0,5000.176401190,99,0,0,0,0,38,6619,0,0,0,0,0,4096,,,,,,,,,243,648,648,,.75,,,,,,,,,9194
c2bfe541b7cff948fa3193e9ca0eddee-frb45-21-2.used-as.sat04-884,SAT,10,0,0,1654.669290697,99,0,0,0,0,49,6381,0,0,0,0,0,4096,2226320,3650335,256468518,4094,251913808,251913808,,251913808,945,61855,61855,30.52,.03,1345.47,2206.08,154996.84,0.00,,,251913808,30.52,730906
c03f7f84f6ac9e523c17e391c3895183-linked_list_swap_contents_safety_unwind68,UNSAT,20,0,0,398.017017052,97,0,0,0,0,13282,818,0,0,0,0,0,4096,6599,5935787,312644934,31,15109068,15109068,,15109068,2650725,31801843,31801843,13.98,.16,16.57,14913.40,785506.44,0.00,,,15109068,13.98,817087777
c0e6e6eeebd48ca600cfc7d662fa804c-x9-10093.sat.sanitized,UNSAT,20,0,0,2649.159765969,99,0,0,0,0,39,1029,0,0,0,0,0,4096,46487286,56999814,4752017024,65532,1482698944,1482698944,,1482698944,500,4496,4496,28.28,.22,17547.93,21516.18,1793782.72,0.00,,,1482698944,28.28,55712
be6411f4784a3c879886dda807cdc607-j3037_10_mdd_b,SAT,10,0,0,39.123207272,99,0,0,0,0,53,58,0,0,0,0,0,4096,223768,277645,239509569,511,5659121,5659121,,5659121,14945,66518,66518,47.58,.44,5719.57,7096.68,6121930.83,0.00,,,5659121,47.58,1090029
be18894105e006399cc018abc14b204f-af-synthesis_stb_50_40_9_sat,SAT,10,0,0,1325.447282554,99,0,0,0,0,81,1594,0,0,0,0,0,4096,2564050,3046043,2626883045,4355,82160193,82160193,,82160193,15981,124882,124882,54.68,.25,1934.47,2298.12,1981884.21,0.00,,,82160193,54.68,2861129
c0293283432a9b15cd743702163f5184-mp1-Nb7T42,TIMEOUT,124,0,0,5000.192631692,99,0,0,0,0,102,11099,0,0,0,0,0,4096,,,,,,,,,52731,208936,208936,,.50,,,,,,,,,4082247
bfadd34e71516e95d0ba2a3a8fb2ba03-pcmax-scheduling-m19-10199-62102-UNSAT.sanitized,TIMEOUT,124,0,0,5000.153090355,99,0,0,0,0,54,4377,0,0,0,0,0,4096,,,,,,,,,10198,61395,61395,,.33,,,,,,,,,1079491
bd8bc25be2b36c64b38459c17e815814-pcmax-scheduling-m11-1517-6802-UNSAT.sanitized,UNSAT,20,0,0,2683.816566900,99,0,0,0,0,40,931,0,0,0,0,0,4096,70771833,86585998,3749280927,92936,3377965491,3377965491,,3377965491,1516,6635,6635,26.30,.45,26369.84,32262.26,1396995.96,0.00,,,3377965491,26.30,105913
bd19da88800086971e554e9d66bc641d-stb_588_138.apx_1_DC-ST,UNSAT,20,0,0,3175.779135848,99,0,0,0,0,41,1002,0,0,0,0,0,4096,25212148,31701644,4202374123,34045,902519527,902519527,,902519527,1176,13472,13472,27.66,.17,7938.88,9982.32,1323257.67,0.00,,,902519527,27.66,166678
bbfed8974655bca520259deb10d2347b-x9-09054.sat.sanitized,SAT,10,0,0,192.396048227,99,0,0,0,0,38,122,0,0,0,0,0,4096,5013163,6227714,485718708,8191,152507288,152507288,,152507288,450,4052,4052,25.00,.22,26056.47,32369.24,2524577.36,0.00,,,152507288,25.00,50006
bdcdb52d16f87ea20f091ca4b0b6a36f-lec_mult_CvK_11x10.sanitized,TIMEOUT,124,0,0,5000.168960515,99,0,0,0,0,40,11431,0,0,0,0,0,4096,,,,,,,,,4745,14194,14194,,.66,,,,,,,,,202657
bd12a2b66110451b050bd5d2943b1854-ITC2021_Early_10.xml,TIMEOUT,124,0,0,5000.324853057,99,0,0,0,0,266,10633,0,0,0,0,0,4096,,,,,,,,,249117,764929,764929,,.65,,,,,,,,,14231076
b8f5fc2425facb3aec52a665f32a500c-asconhashv12_opt64_H6_M2-PgbpwX_m0_4_U1.c,UNSAT,20,0,0,204.647530169,99,0,0,0,0,134,338,0,0,0,0,0,4096,226148,803483,647221651,511,12199419,12199419,,12199419,127008,296429,296429,63.95,.85,1105.06,3926.17,3162616.47,0.00,,,12199419,63.95,6120845
bbfe2b27182d2ee7fefdb557f458ac9c-cliquecolouring_n21_k6_c5.sanitized,TIMEOUT,124,0,0,5000.151416252,99,0,0,0,0,39,3087,0,0,0,0,0,4096,,,,,,,,,441,9162,9162,,.09,,,,,,,,,137283
bb591c6447fb6b4180f6d288eb2ff62a-lec_mult_DvW_11x10.sanitized,TIMEOUT,124,0,0,5000.136650110,99,0,0,0,0,39,1595,0,0,0,0,0,4096,,,,,,,,,2357,7030,7030,,.67,,,,,,,,,96246
b7273af3d468ea2595f11a6dbd6ef6ce-x9-10007.sat.sanitized,UNSAT,20,0,0,1981.812505884,99,0,0,0,0,39,823,0,0,0,0,0,4096,35255101,43913282,3597495620,49149,1134888245,1134888245,,1134888245,500,4507,4507,26.99,.22,17789.32,22158.14,1815255.28,0.00,,,1134888245,26.99,55935
b8c7c777e76995e5bf7b517f2db234ba-noL-11-16.sanitized,TIMEOUT,124,0,0,5000.142166463,99,0,0,0,0,40,12649,0,0,0,0,0,4096,,,,,,,,,1419,7821,7821,,.36,,,,,,,,,133550
b76fa2f50a42120ec54fa98c29113326-lec_mult_DvK_12x12.sanitized,TIMEOUT,124,0,0,5000.147849138,99,0,0,0,0,40,2523,0,0,0,0,0,4096,,,,,,,,,5189,15520,15520,,.66,,,,,,,,,222976
b4b41b2ff14427e5715cb9bee06d4602-constraints_17_0.3_2.sanitized,UNSAT,20,0,0,288.157102101,99,0,0,0,0,339,145,0,0,0,0,0,4096,521080,847062,74147207,1054,36747943,36747943,,36747943,2720,37638,37638,55.04,.14,1808.31,2939.58,257315.21,0.00,,,36747943,55.04,18771140
b68ae7866df5e852c3acb97a46da2faf-circuit_48in64out_with_1000gates_4in4out_dist128_seed4.sanitized,TIMEOUT,124,0,0,5000.167490833,99,0,0,0,0,207,3838,0,0,0,0,0,4096,,,,,,,,,4048,240000,240000,,.03,,,,,,,,,10526911
b44ea915362c3a140269003d45b1d053-x9-11034.sat.sanitized,SAT,10,0,0,2425.217826472,99,0,0,0,0,39,3384,0,0,0,0,0,4096,37194739,46438795,4132792161,51197,1355926968,1355926968,,1355926968,550,4955,4955,25.64,.22,15336.65,19148.29,1704091.11,0.00,,,1355926968,25.64,61705
b5028686db9bd1073fa09cbd8c805f47-spg_200_316,TIMEOUT,124,0,0,5000.211216501,99,0,0,0,0,862,11043,0,0,0,0,0,4096,,,,,,,,,365895,1919309,1919309,,.38,,,,,,,,,51002299
b3f53d4c67b234d27e21f5e56bfd39e8-StConn_8_32.sanitized,TIMEOUT,124,0,0,5000.190980264,99,0,0,0,0,40,6232,0,0,0,0,0,4096,,,,,,,,,936,6488,6488,,.28,,,,,,,,,95108
b3c587501567db72e6e66c6930cf15ed-StConn_7_128.sanitized,TIMEOUT,124,0,0,5000.235922589,99,0,0,0,0,44,4406,0,0,0,0,0,4096,,,,,,,,,3306,22933,22933,,.28,,,,,,,,,386092
b3167d999edd81291f33636464f2f8e6-Folkman-190-104806020.sanitized,TIMEOUT,124,0,0,5000.176210343,99,0,0,0,0,43,6764,0,0,0,0,0,4096,,,,,,,,,17955,22138,22138,,1.62,,,,,,,,,435207
b172b4c218f1e44e205575d2b51e82c4-Schur_161_5_d38,TIMEOUT,124,0,0,5000.182464894,99,0,0,0,0,44,1917,0,0,0,0,0,4096,,,,,,,,,757,27689,27689,,.05,,,,,,,,,444527
af750c18578d52e60472315692ad83c0-si2-b03m-m800-03,SAT,10,0,0,110.329049957,99,0,0,0,0,530,83,0,0,0,0,0,4096,21950,70681,377810,78,312010,312010,,312010,10862,471820,471820,7.60,.04,198.95,640.63,3424.39,0.00,,,312010,7.60,30553810
b11374f7fe60b9a63fbfde24b1a0a439-stb_418_125.apx_2_DC-AD,TIMEOUT,124,0,0,5000.145987355,99,0,0,0,0,41,9922,0,0,0,0,0,4096,,,,,,,,,836,16644,16644,,.10,,,,,,,,,204992
af05a6b68a1cff165b684d9ff0ae3b3b-x9-12098.sat.sanitized,SAT,10,0,0,1785.282928376,99,0,0,0,0,39,3277,0,0,0,0,0,4096,26995490,34535565,3162975226,36862,1059960780,1059960780,,1059960780,600,5395,5395,24.47,.22,15121.12,19344.58,1771694.09,0.00,,,1059960780,24.47,67365
adf6dacdd64c93f9de1aa0eadf427faa-circuit_48in64out_with_800gates_4in4out_dist128_seed1.sanitized,SAT,10,0,0,101.817703182,99,0,0,0,0,169,390,0,0,0,0,0,4096,905086,1239956,121644441,1977,22917088,22917088,,22917088,3248,192000,192000,27.20,.03,8889.27,12178.19,1194727.80,0.00,,,22917088,27.20,8315298
ad4e151d80c7012d88dd79bcfceaade5-x9-08075.sat.sanitized,UNSAT,20,0,0,81.799900056,99,0,0,0,0,38,564,0,0,0,0,0,4096,2651365,3289822,235703492,4604,70883718,70883718,,70883718,400,3603,3603,25.72,.22,32412.81,40217.92,2881464.30,0.00,,,70883718,25.72,44246
aceab5a3452e2901e645065bda3e8847-lru_8.sanitized,ERROR,0,0,0,57.006299135,72,0,0,0,0,21333,75,0,0,0,0,0,4096,,,,,,,,,0,0,0,,0,,,,,,,,,2107414785
b087c195e5b7bb191d3a701aa0aa8cf1-Break_unsat_14_23.xml,TIMEOUT,124,0,0,5000.155553487,99,0,0,0,0,398,8813,0,0,0,0,0,4096,,,,,,,,,22365,83896,83896,,.53,,,,,,,,,1300302
ae9522ea003ea9f75891b2d37a5e264b-srhd-sgi-m37-q446.25-n35-p30-s33692332,TIMEOUT,124,0,0,5000.166851430,99,0,0,0,0,303,9922,0,0,0,0,0,4096,,,,,,,,,1285,166723,166723,,.01,,,,,,,,,2060852
aacfb8797097f698d14337d3a04f3065-barman-pfile06-022.sas.ex.7,UNSAT,20,0,0,1206.331990642,99,0,0,0,0,1048,2214,0,0,0,0,0,4096,892,5187,1116841,7,41930,41930,,41930,127192,239087,239087,20.61,1.06,.73,4.29,925.81,0.00,,,41930,20.61,62651015
aaa3654cc92d80da84ecf5d18040c634-linked_list_swap_contents_safety_unwind62,UNSAT,20,0,0,316.313827354,97,0,0,0,0,11179,690,0,0,0,0,0,4096,7333,2765362,280170363,31,16082894,16082894,,16082894,2330441,26923181,26923181,14.08,.17,23.18,8742.46,885735.42,0.00,,,16082894,14.08,687352209
ac347c21ca0759079c0be9a758e4e924-cliquecolouring_n41_k5_c4.sanitized,TIMEOUT,124,0,0,5000.175869199,99,0,0,0,0,120,2048,0,0,0,0,0,4096,,,,,,,,,1189,24482,24482,,.09,,,,,,,,,386771
ab3438b504b296fcee78ec9e71969863-mdp-36-14-sat,TIMEOUT,124,0,0,5000.139811732,99,0,0,0,0,39,3178,0,0,0,0,0,4096,,,,,,,,,1294,7345,7345,,.35,,,,,,,,,120292
aa9b67fd19d54ad51b93ee4ba5dc75fc-x9-10002.sat.sanitized,UNSAT,20,0,0,3153.448473287,99,0,0,0,0,39,1200,0,0,0,0,0,4096,52114498,64819374,5305725331,65535,1724759170,1724759170,,1724759170,500,4505,4505,26.04,.22,16526.19,20555.07,1682515.30,0.00,,,1724759170,26.04,55817
aa6e6f67719ca43aef922f2ebabc409a-1-ZC-1024-K-117.sanitized,TIMEOUT,124,0,0,5000.285247719,99,0,0,0,0,1823,6792,0,0,0,0,0,4096,,,,,,,,,115070,6695338,6695338,,.03,,,,,,,,,110330589
aa39c6d885d283a085d033ab7b89f8c8-urq45,TIMEOUT,124,0,0,5000.173056775,99,0,0,0,0,39,4641,0,0,0,0,0,4096,,,,,,,,,74,694,694,,.21,,,,,,,,,15911
a9cb77454c6cfdf4092fb304d3aae8b7-mdp-32-16-sat,TIMEOUT,124,0,0,6561.675150514,76,0,0,0,0,39,7419,0,0,0,0,0,4096,,,,,,,,,1021,5725,5725,,.35,,,,,,,,,91246
a5fc113e7d4899f4e4af14b87b6fd6ae-Kakuro-easy-097-ext.xml.hg_4,UNSAT,20,0,0,1767.812468447,99,0,0,0,0,6843,2276,0,0,0,0,0,4096,1353181,2538561,969872049,2558,38973719,38973719,,38973719,131439,16847149,16847149,31.56,.01,765.45,1435.98,548628.35,0.00,,,38973719,31.56,419841975
a917b02a7c31e74c8ccf8b8f001abf37-1-ZC-512-K-67.sanitized,TIMEOUT,124,0,0,6561.718572050,76,0,0,0,0,340,7154,0,0,0,0,0,4096,,,,,,,,,33117,1166241,1166241,,.05,,,,,,,,,18819785
a6ed647f85f20be4aedd1e9ce31cbdcd-1-ET-256-K-55.sanitized,TIMEOUT,124,0,0,6561.694497360,76,0,0,0,0,123,12631,0,0,0,0,0,4096,,,,,,,,,13107,360511,360511,,.07,,,,,,,,,5445752
a58b8a5eb61d3110d9fa36a03de588d2-stb_495_168.apx_1_DC-AD,UNSAT,20,0,0,3390.267645396,99,0,0,0,0,42,3784,0,0,0,0,0,4096,26672058,35110629,2638581944,36858,1164506655,1164506655,,1164506655,990,20242,20242,24.58,.09,7867.24,10356.30,778281.30,0.00,,,1164506655,24.58,255176
a5419a63d913bde0ba5bcd8a8571342f-asconhashv12_opt64_H11_M2-tBi5i1RIgRz_m0_1_U23.c,UNSAT,20,0,0,660.147222410,99,0,0,0,0,163,1103,0,0,0,0,0,4096,487468,1945059,1578038581,1023,45017030,45017030,,45017030,158698,372450,372450,36.73,.85,738.42,2946.40,2390434.32,0.00,,,45017030,36.73,7865799
a45a0358685867bd4f1c7f7c0b0e379c-x9-10014.sat.sanitized,SAT,10,0,0,448.337650174,99,0,0,0,0,39,431,0,0,0,0,0,4096,9723877,12279059,1015225112,16056,322406331,322406331,,322406331,500,4506,4506,24.36,.22,21688.73,27387.97,2264420.82,0.00,,,322406331,24.36,55907
a38affaa741c958fc32769d5fe89b06c-frb65-12-2.used-as.sat04-874,SAT,10,0,0,134.580136848,99,0,0,0,0,41,365,0,0,0,0,0,4096,1447976,1976119,153598209,2812,59627251,59627251,,59627251,780,24731,24731,44.59,.06,10759.21,14683.58,1141314.10,0.00,,,59627251,44.59,292351
a14d9ee17051ec08a4334ba43089502c-64_200.sanitized,ERROR,0,0,0,51.044733492,73,0,0,0,0,21246,84,0,0,0,0,0,4096,,,,,,,,,0,0,0,,0,,,,,,,,,2421624846
a5dc6226e4c0bebb06926efe55640995-mdp-36-10-sat,TIMEOUT,124,0,0,5223.567395433,99,0,0,0,0,39,2446,0,0,0,0,0,4096,,,,,,,,,1304,7405,7405,,.35,,,,,,,,,121452
a552a058e6376a36b1f1b2724f228364-IBM_FV_2004_rule_batch_1_31_1_SAT_dat.k40.debugged,TIMEOUT,124,0,0,5223.581701617,99,0,0,0,0,95,9108,0,0,0,0,0,4096,,,,,,,,,52444,182140,182140,,.57,,,,,,,,,3716013
a08e66296d00f480e9ccadd79fa8b904-j3045_4_gmto_b,TIMEOUT,124,0,0,5003.061867667,100,0,0,0,0,49,1573,0,0,0,0,0,4096,,,,,,,,,14128,46571,46571,,.60,,,,,,,,,780378
9e85aad5707405fb349c6c5548040cf4-pcmax-scheduling-m35-32274-371389-SAT.sanitized,TIMEOUT,124,0,0,5000.253618208,99,0,0,0,0,154,6603,0,0,0,0,0,4096,,,,,,,,,32273,361039,361039,,.17,,,,,,,,,7399926
9e749596a8de36d8ab706c96cf128455-WS_500_16_70_10.apx_2_DC-AD,TIMEOUT,124,0,0,5000.187672032,99,0,0,0,0,40,7747,0,0,0,0,0,4096,,,,,,,,,1000,13000,13000,,.15,,,,,,,,,156960
9d9c4fa425282759eb9e98b82fb5f56e-x9-12087.sat.sanitized,SAT,10,0,0,249.598361874,99,0,0,0,0,38,238,0,0,0,0,0,4096,5218667,6822600,619415082,8191,195678665,195678665,,195678665,600,5392,5392,22.98,.22,20908.25,27334.31,2481647.22,0.00,,,195678665,22.98,67385
9cd3acdb765c15163bc239ae3a57f880-FmlaEquivChain_4_6_6.sanitized,UNSAT,20,0,0,171.605573633,99,0,0,0,0,179,280,0,0,0,0,0,4096,2673910,18104834,346610236,4606,65373975,65373975,,65373975,54411,419808,419808,19.92,.25,15581.72,105502.59,2019807.56,0.00,,,65373975,19.92,8784880
9dcbf221b8d2bb01f30bcca283f3608d-EDP3-11000,SAT,10,0,0,733.519514451,99,0,0,0,0,254,2553,0,0,0,0,0,4096,970456,6535918,1386863907,2045,152515514,152515514,,152515514,90956,679628,679628,9.65,.26,1323.01,8910.35,1890698.03,0.00,,,152515514,9.65,13615867
9e6c2e7b0d6f58e449716deb9305525a-circuit_32in32out_with_96gates_7in7out_dist128_seed1.sanitized,TIMEOUT,124,0,0,5000.187517478,99,0,0,0,0,1625,6272,0,0,0,0,0,4096,,,,,,,,,704,1560576,1560576,,0,,,,,,,,,97975199
9a06700729bf3426beb8a62040f92960-mdp-36-12-unsat,TIMEOUT,124,0,0,5000.170745158,99,0,0,0,0,38,4691,0,0,0,0,0,4096,,,,,,,,,1246,7173,7173,,.34,,,,,,,,,117613
994783ef4ed3a0366842e1b6f9128a6f-noL-11-6.sanitized,TIMEOUT,124,0,0,5000.147018228,99,0,0,0,0,39,2398,0,0,0,0,0,4096,,,,,,,,,1419,7821,7821,,.36,,,,,,,,,133484
9777418f75e1dfbd7d34e9b0ba4bf0b5-grs-64-128,TIMEOUT,124,0,0,5000.175738519,99,0,0,0,0,355,6265,0,0,0,0,0,4096,,,,,,,,,320192,923776,923776,,.69,,,,,,,,,19730958
973d699ec01b88da869233a79aaa1912-cliquecolouring_n13_k9_c8.sanitized,TIMEOUT,124,0,0,5000.150786573,99,0,0,0,0,39,7912,0,0,0,0,0,4096,,,,,,,,,299,7796,7796,,.07,,,,,,,,,110398
96a6796405061571e12d383efe27b703-WS_500_16_70_10.apx_1_DC-ST,TIMEOUT,124,0,0,5000.178460069,99,0,0,0,0,40,3235,0,0,0,0,0,4096,,,,,,,,,1000,13500,13500,,.14,,,,,,,,,161852
94dd280b1562ee7dae44b303b8fed233-Break_unsat_18_31.xml,TIMEOUT,124,0,0,5000.208959693,99,0,0,0,0,85,6619,0,0,0,0,0,4096,,,,,,,,,37005,187726,187726,,.39,,,,,,,,,3030784
94571e8a1081385029d1ecd53ffcdf8e-af-synthesis_stb_50_200_0_unsat,TIMEOUT,124,0,0,5000.173853225,99,0,0,0,0,197,12947,0,0,0,0,0,4096,,,,,,,,,32717,462722,462722,,.14,,,,,,,,,10051521
9276ce38c625b2d00de247f8588f1542-combined-crypto1-wff-seed-102-wffvars-500-cryptocplx-31-overlap-2,TIMEOUT,124,0,0,5000.140166114,99,0,0,0,0,44,5314,0,0,0,0,0,4096,,,,,,,,,1545,17553,17553,,.17,,,,,,,,,447596
915a25bd189357e4c6d7771b69a6849f-x9-09004.sat.sanitized,UNSAT,20,0,0,608.703350308,99,0,0,0,0,38,1578,0,0,0,0,0,4096,14434571,17616024,1384576011,21501,434805575,434805575,,434805575,450,4048,4048,27.11,.22,23713.63,28940.24,2274631.82,0.00,,,434805575,27.11,50048
907e7dc703e16ad2c7e56a33fe3b3e5f-manol-pipe-g10bid_i,UNSAT,20,0,0,321.440029425,99,0,0,0,0,271,409,0,0,0,0,0,4096,997899,5588633,572670115,2046,31525551,31525551,,31525551,266405,792174,792174,28.36,.67,3104.46,17386.23,1781576.84,0.00,,,31525551,28.36,14531503
91e0db01b254eb78f6643328045bfeb9-sted5_0x1e3-20,TIMEOUT,124,0,0,5000.152499281,99,0,0,0,0,53,5213,0,0,0,0,0,4096,,,,,,,,,1841,35888,35888,,.10,,,,,,,,,993047
8e720686372c5037f30b4fc7b1c71d48-constraints_17_0.4_1.sanitized,SAT,10,0,0,574.919242806,99,0,0,0,0,513,761,0,0,0,0,0,4096,13777,62337,1675183,61,2446888,2446888,,2446888,2720,58990,58990,29.22,.09,23.96,108.42,2913.77,0.00,,,2446888,29.22,29548308
912ce8c21d8fb8abc491cb205ec23e9f-hwmcc20miters-iso-mul2.sanitized,TIMEOUT,124,0,0,5000.166651051,99,0,0,0,0,134,6917,0,0,0,0,0,4096,,,,,,,,,100238,332316,332316,,.60,,,,,,,,,6090897
8ffd718f763ed7a3f691cf46e57f8d98-mdp-32-10-sat,TIMEOUT,124,0,0,5000.124597238,99,0,0,0,0,38,2789,0,0,0,0,0,4096,,,,,,,,,1042,5873,5873,,.35,,,,,,,,,93863
8d4b50ec0cf99097e9ab0835937afee5-hwmcc17miters-xits-iso-6s281b35.sanitized,TIMEOUT,124,0,0,5000.609820877,99,0,0,0,0,2978,4992,0,0,0,0,0,4096,,,,,,,,,2138758,7203543,7203543,,.59,,,,,,,,,181582248
8d2dfc50c1759dc11a6564d5c368c6df-FmlaImplyChain_3_7_8.sanitized,TIMEOUT,124,0,0,5000.416979052,99,0,0,0,0,69,10430,0,0,0,0,0,4096,,,,,,,,,18718,111867,111867,,.33,,,,,,,,,2014707
8bf63d50ebdb645b75a24370b8f94d31-sokoban-p20.sas.cr.25,TIMEOUT,124,0,0,5000.366418985,99,0,0,0,0,329,7064,0,0,0,0,0,4096,,,,,,,,,124592,870767,870767,,.28,,,,,,,,,18122532
8b31606e10656ff7eb2936262b647443-stable-300-0.1-20-98765432130020,SAT,10,0,0,1330.186851930,99,0,0,0,0,54,1378,0,0,0,0,0,4096,5240598,7584438,169877940,8191,422585129,422585129,,422585129,300,17540,17540,20.80,.03,3939.74,5701.78,127709.83,0.00,,,422585129,20.80,1085727
8b18bb75459a4161633ba2a3c8ee183e-x9-11062.sat.sanitized,SAT,10,0,0,1244.885269708,99,0,0,0,0,40,3188,0,0,0,0,0,4096,23530064,29627838,2591534718,32767,823573849,823573849,,823573849,550,4945,4945,25.78,.22,18901.39,23799.65,2081745.82,0.00,,,823573849,25.78,61605
8b91c5bf4dfd87ffb46c5ef88a3ef1cd-lec_mult_DvW_12x11.sanitized,TIMEOUT,124,0,0,5000.147982221,99,0,0,0,0,38,5840,0,0,0,0,0,4096,,,,,,,,,2861,8538,8538,,.67,,,,,,,,,118430
88e89266e58f1f125ebc4e0f66e2c060-32_200.sanitized,ERROR,0,0,0,44.877914642,69,0,0,0,0,21274,60,904,0,0,0,0,4096,,,,,,,,,0,0,0,,0,,,,,,,,,1342986610
88d151d4e3c6ba9bd78454de141cd108-T105.2.0,UNSAT,20,0,0,344.864405781,99,0,0,0,0,3934,449,0,0,0,0,0,4096,316046,1176093,932732806,765,11687846,11687846,,11687846,3094431,10684799,10684799,43.67,.57,916.43,3410.30,2704636.34,0.00,,,11687846,43.67,240519127
878bcc11e1e243680f7946bcf428f465-linked_list_swap_contents_safety_unwind45,UNSAT,20,0,0,118.596335904,96,0,0,0,0,6176,157,0,0,0,0,0,4096,2114,1354116,67937557,14,2931051,2931051,,2931051,1509852,15272249,15272249,25.91,.19,17.82,11417.85,572847.01,0.00,,,2931051,25.91,378983969
8942dca5dc0876fc3f723f738d72de1c-circuit_32in32out_with_64gates_8in6out_dist128_seed2.sanitized,SAT,10,0,0,2909.934079085,99,0,0,0,0,1084,5588,128,0,0,0,0,4096,5015257,5890579,232300925,8191,127205779,127205779,,127205779,416,1032192,1032192,24.96,0,1723.49,2024.29,79830.30,0.00,,,127205779,24.96,62770294
897acc1858ce0887f286aba5c0d56d71-Nb13T165,ERROR,0,0,0,3481.935268655,99,0,0,0,0,2145,13403,288,0,0,0,0,4096,,,,,,,,,1389990,5543200,5543200,,.50,,,,,,,,,128279760
8530c911b75ab1b276042043d118a875-constraints_16_0.4_1.sanitized,UNSAT,20,0,0,603.580025119,99,0,0,0,0,272,550,0,0,0,0,0,4096,1431472,2346333,124011739,2779,159634572,159634572,,159634572,2240,40528,40528,42.51,.11,2371.63,3887.36,205460.30,0.00,,,159634572,42.51,14640186
84c6d7e4a18aacf166105aaa3cd6e3de-128_100.sanitized,ERROR,0,0,0,43.868865893,68,0,0,0,0,21251,212,0,0,0,0,0,4096,,,,,,,,,0,0,0,,0,,,,,,,,,2405006659
83b330c934d6dd35d56e1b1ca3638b3c-j3037_1_mdd_b,SAT,10,0,0,1742.681337127,99,0,0,0,0,59,763,0,0,0,0,0,4096,7427204,9313727,8627608851,12283,227293936,227293936,,227293936,21288,87245,87245,49.53,.48,4261.94,5344.48,4950766.76,0.00,,,227293936,49.53,1444181
8704094951693f99fd21403a039c8131-mchess_16,TIMEOUT,124,0,0,5000.125981274,99,0,0,0,0,39,2393,0,0,0,0,0,4096,,,,,,,,,480,1592,1592,,.60,,,,,,,,,19624
812926407774771b3bd9885f7bfa4841-lru_9.sanitized,ERROR,0,0,0,46.319435817,67,0,0,0,0,21357,84,4120,0,0,0,0,4096,,,,,,,,,0,0,0,,0,,,,,,,,,2380666674
82d9e8d2cfea101dfe52c8359b7bb163-af-synthesis_stb_50_40_2_unsat,UNSAT,20,0,0,1256.079683591,99,0,0,0,0,207,2432,2688,0,0,0,0,4096,3289733,3839626,3436544318,5883,98642898,98642898,,98642898,15397,126194,126194,61.34,.24,2619.04,3056.83,2735928.59,0.00,,,98642898,61.34,2894797
7fb202a51c0223f3119887a57086ca4d-x9-09051.sat.sanitized,UNSAT,20,0,0,646.498185517,99,0,0,0,0,37,313,0,0,0,0,0,4096,16690584,20546435,1587676484,24574,498474320,498474320,,498474320,450,4046,4046,26.96,.22,25816.90,31781.11,2455809.65,0.00,,,498474320,26.96,49965
7f7109dce621ef361a72b3e8cee9a962-Break_unsat_06_07.xml,UNSAT,20,0,0,.694323825,93,0,0,0,0,36,1,0,0,0,0,0,4096,39224,48313,4763405,127,538023,538023,,538023,1101,5036,5036,43.69,.43,56492.37,69582.80,6860494.81,0.00,,,538023,43.69,62709
7f2b4b2bde9b866b93fbfe01341213da-asconhashv12_opt64_H5_M2-xEJ8F_m0_3_U5.c,UNSAT,20,0,0,191.695897096,99,0,0,0,0,133,613,0,0,0,0,0,4096,222749,877744,645297656,511,11522741,11522741,,11522741,126961,296304,296304,65.28,.85,1161.99,4578.83,3366257.00,0.00,,,11522741,65.28,6117966
7fca438c38e5b7a70e38778ec146cfe0-ctl_4291_567_2_unsat-sc2013,UNSAT,20,0,0,2302.572532657,99,0,0,0,0,90,3574,680,0,0,0,0,4096,13578150,16434513,6531885929,20475,246204180,246204180,,246204180,17850,149132,149132,46.88,.23,5896.94,7137.45,2836777.48,0.00,,,246204180,46.88,3085380
83dc8f675657b3e6d148ef5cf897fb82-openstacks-sequencedstrips-nonadl-nonnegated-os-sequencedstrips-p30_3.025-NOTKNOWN,TIMEOUT,124,0,0,5000.250591039,98,0,0,0,0,206652,9276,1891376,0,0,0,0,4096,,,,,,,,,95456,276407,276407,,.69,,,,,,,,,8360678
7f1c7da531539f3be4a1e0e916913086-pcmax-scheduling-m19-2974-16501-UNSAT.sanitized,TIMEOUT,124,0,0,5000.117758358,99,0,0,0,0,41,1551,0,0,0,0,0,4096,,,,,,,,,2973,15516,15516,,.38,,,,,,,,,269075
7e1d279559b202016e5797901e731a39-simon-r25-0.sanitized,TIMEOUT,124,0,0,5000.132076150,99,0,0,0,0,41,1861,0,0,0,0,0,4096,,,,,,,,,4128,13664,13664,,.60,,,,,,,,,220806
7dc0e1b5fedbd8351907f1316b58e68f-1-ZC-512-K-65.sanitized,TIMEOUT,124,0,0,5000.192879498,99,0,0,0,0,323,13912,0,0,0,0,0,4096,,,,,,,,,32224,1110356,1110356,,.05,,,,,,,,,17914227
7b9d8b9b31b530effd634f5a8f1f4411-stb_531_83.apx_2_DC-ST,UNSAT,20,0,0,3242.027045800,99,0,0,0,0,41,1492,0,0,0,0,0,4096,26432489,33721163,3049141171,36345,1067639632,1067639632,,1067639632,1062,19797,19797,25.46,.10,8153.07,10401.25,940504.54,0.00,,,1067639632,25.46,248266
7db30d12cb06f0dc2f30abff80d96d6a-two-trees-1023v.sanitized,TIMEOUT,124,0,0,5000.161877234,99,0,0,0,0,37,1671,0,0,0,0,0,4096,,,,,,,,,1023,4088,4088,,.50,,,,,,,,,61658
7ac7fabd8c078aea420087a0c80e5563-circuit_32in32out_with_400gates_6in6out_dist64_seed1.sanitized,SAT,10,0,0,113.722750000,99,0,0,0,0,1673,203,0,0,0,0,0,4096,140222,246216,6359277,381,1972277,1972277,,1972277,2432,1612800,1612800,13.57,0,1233.01,2165.05,55919.12,0.00,,,1972277,13.57,101001435
7cbc3ce2052ba7c5b501f75af58ab3c4-simon-r22-1.sanitized,TIMEOUT,124,0,0,5000.125731473,99,0,0,0,0,39,9537,0,0,0,0,0,4096,,,,,,,,,3648,12032,12032,,.60,,,,,,,,,193487
79b9e24dd9af185dbec18c9b0a32b1e2-g2-slp-synthesis-aes-top30,SAT,10,0,0,611.972258745,99,0,0,0,0,126,2168,0,0,0,0,0,4096,1605172,3161439,1558349880,3070,102584897,102584897,,102584897,101451,304209,304209,30.24,.66,2622.94,5165.98,2546438.76,0.00,,,102584897,30.24,5635502
7b48f9354d25521bd542d859c0ecdde9-hwmcc17miters-xits-iso-oski15a08b00s.sanitized,TIMEOUT,124,0,0,5000.283786417,99,0,0,0,0,1468,6749,0,0,0,0,0,4096,,,,,,,,,1454067,4368062,4368062,,.66,,,,,,,,,88370058
792495b57d6145fd21d7076eab2ab06a-grs-64-64,UNSAT,20,0,0,4436.918135541,99,0,0,0,0,152,8409,0,0,0,0,0,4096,36647383,85388165,16673165311,50341,1073227695,1073227695,,1073227695,124070,361174,361174,69.39,.68,8259.64,19244.92,3757825.77,0.00,,,1073227695,69.39,7149254
77b7f7bbf75faaee28f473b9941de103-Folkman-185-19924337.sanitized,TIMEOUT,124,0,0,5000.154857019,99,0,0,0,0,42,4335,0,0,0,0,0,4096,,,,,,,,,17019,19874,19874,,1.71,,,,,,,,,387123
778e0fd8f034b7cfd539b1b523ed4c4a-lec_mult_CvW_12x12.sanitized,TIMEOUT,124,0,0,5000.128187436,99,0,0,0,0,39,1843,0,0,0,0,0,4096,,,,,,,,,3426,10231,10231,,.66,,,,,,,,,142169
773f3bd29e202ff700d8b5b459857a2c-Folkman-175-9054056.sanitized,TIMEOUT,124,0,0,5000.121950847,99,0,0,0,0,42,12864,0,0,0,0,0,4096,,,,,,,,,15215,18908,18908,,1.60,,,,,,,,,365842
768956cc8d1f2d18ae1929f6bb26557a-cliquecolouring_n13_k8_c7.sanitized,TIMEOUT,124,0,0,5000.139797876,99,0,0,0,0,39,1676,0,0,0,0,0,4096,,,,,,,,,273,6196,6196,,.08,,,,,,,,,87474
761651d4b6454108403bdefe22720fb3-constraints_18_0.5_2.sanitized,TIMEOUT,124,0,0,5000.120709358,99,0,0,0,0,1727,2749,0,0,0,0,0,4096,,,,,,,,,0,0,0,,0,,,,,,,,,104737460
7429e380834066c206394139c9e1e17d-af-synthesis_stb_50_100_9_sat,SAT,10,0,0,3767.046904162,99,0,0,0,0,124,7187,0,0,0,0,0,4096,4435061,5139908,4602763000,7931,148010326,148010326,,148010326,21894,248470,248470,58.42,.17,1177.33,1364.43,1221849.13,0.00,,,148010326,58.42,5486503
74f145bb935650f5c982d7eec6967945-pcmax-scheduling-m43-38782-385402-SAT.sanitized,TIMEOUT,124,0,0,5000.248674938,99,0,0,0,0,154,6661,0,0,0,0,0,4096,,,,,,,,,38781,362841,362841,,.21,,,,,,,,,7409154
71ec94c233016219e12d671594dc88e5-circuit_32in32out_with_70gates_7in7out_dist128_seed1.sanitized,SAT,10,0,0,1477.963093754,99,0,0,0,0,1181,1564,0,0,0,0,0,4096,1908243,2404241,90899171,3707,48618687,48618687,,48618687,522,1137920,1137920,17.93,0,1291.13,1626.72,61503.00,0.00,,,48618687,17.93,70648884
71a3dd6156463c0c55c4b38394faa753-af-synthesis_stb_50_120_4_sat,SAT,10,0,0,2883.317416296,99,0,0,0,0,142,3795,0,0,0,0,0,4096,3228638,3707534,3322958121,5717,102580465,102580465,,102580465,23931,298758,298758,60.90,.16,1119.76,1285.85,1152477.38,0.00,,,102580465,60.90,6574325
70bfbd054dc9ffd394fab32845b492d3-circuit_32in32out_with_100gates_7in7out_dist64_seed2.sanitized,SAT,10,0,0,464.825676079,99,0,0,0,0,1701,609,0,0,0,0,0,4096,24150,44654,881088,89,271464,271464,,271464,732,1625600,1625600,13.47,0,51.95,96.06,1895.52,0.00,,,271464,13.47,102819598
7083b70c1976162e2693d7a493717ffd-battleship-14-26-sat,SAT,10,0,0,817.900148044,99,0,0,0,0,37,1466,0,0,0,0,0,4096,16550446,29589334,380912396,24574,2712328762,2712328762,,2712328762,364,2562,2562,6.60,.28,20235.28,36177.19,465719.92,0.00,,,2712328762,6.60,46267
72c0d81e16d91bcaed808efcde2e5069-Folkman-175-1251868.sanitized,TIMEOUT,124,0,0,5000.139838006,99,0,0,0,0,42,12615,0,0,0,0,0,4096,,,,,,,,,15225,18038,18038,,1.68,,,,,,,,,348545
6f7a0e1cf94b6b26eafc08a827a692ce-circuit_64in64out_with_64gates_8in5out_dist256_seed1.sanitized,SAT,10,0,0,174.162242366,99,0,0,0,0,494,860,0,0,0,0,0,4096,499711,567989,20296990,1023,9648807,9648807,,9648807,384,507904,507904,40.81,0,2869.22,3261.26,116540.70,0.00,,,9648807,40.81,28340008
70ef2b6bdc4101a0e35cf3d165571fe3-qwh.50.1250.shuffled-as.sat03-1655,TIMEOUT,124,0,0,5000.194166225,99,0,0,0,0,111,7111,0,0,0,0,0,4096,,,,,,,,,16719,331272,331272,,.10,,,,,,,,,4780298
6fc528fc3d0fd5a2c50992feb8bf0357-pcmax-scheduling-m24-17855-226744-SAT.sanitized,TIMEOUT,124,0,0,5000.155999337,99,0,0,0,0,105,11272,0,0,0,0,0,4096,,,,,,,,,17854,226553,226553,,.15,,,,,,,,,4273333
6f0e236c999de0a5e3c46fd3463b1d0d-rook-56-1-1,UNSAT,20,0,0,3141.483765201,99,0,0,0,0,258,4919,0,0,0,0,0,4096,3991834,15712974,2492615277,7084,338452681,338452681,,338452681,181773,705368,705368,29.99,.51,1270.68,5001.76,793451.58,0.00,,,338452681,29.99,13705166
6f4df706246d29bf38adadd274fadab3-SGI_30_60_19_60_6-dir.shuffled-as.sat03-112,TIMEOUT,124,0,0,5000.128124503,99,0,0,0,0,43,7840,0,0,0,0,0,4096,,,,,,,,,570,45688,45688,,.02,,,,,,,,,490082
6add7e416c1126607afeb2666af330ac-constraints_16_0.5_1.sanitized,UNSAT,20,0,0,660.015896315,99,0,0,0,0,336,1924,0,0,0,0,0,4096,833336,1413407,72254306,1788,94521438,94521438,,94521438,2240,53398,53398,46.64,.08,1262.59,2141.47,109473.58,0.00,,,94521438,46.64,18665922
6c52aca5b5fd284bf1940b84df90a367-1-TC-256-K-71.sanitized,UNSAT,20,0,0,2829.204263359,99,0,0,0,0,162,5263,0,0,0,0,0,4096,2209949,3292358,2036260441,4094,104906553,104906553,,104906553,16203,510039,510039,48.71,.06,781.12,1163.70,719729.03,0.00,,,104906553,48.71,7806182
697c96ac45534726c7dbd96faa11a86a-x9-11094.sat.sanitized,SAT,10,0,0,192.288592942,99,0,0,0,0,37,1217,0,0,0,0,0,4096,4915541,6310089,555548047,8190,175197845,175197845,,175197845,550,4952,4952,23.84,.22,25563.35,32815.72,2889136.78,0.00,,,175197845,23.84,61623
6969c86fbc5814332ab8615031334fa8-asconhashv12_opt64_H11_M2-fCHjS2L0du5_m2_4.c,SAT,10,0,0,160.183447575,99,0,0,0,0,162,695,0,0,0,0,0,4096,255390,1309315,226749602,603,29354010,29354010,,29354010,158749,372630,372630,14.70,.85,1594.35,8173.84,1415562.00,0.00,,,29354010,14.70,7869891
69e34d0f49c71a7e145d8104ebe0273f-sokoban-p16.sas.ex.15-sc2016,UNSAT,20,0,0,4624.333006476,99,0,0,0,0,3376,5893,0,0,0,0,0,4096,1026437,9419763,1531726430,2047,523384739,523384739,,523384739,2343808,4455212,4455212,41.78,1.05,221.96,2036.99,331231.86,0.00,,,523384739,41.78,205947826
6a674acad2aeac729ecb39ad9e4a2298-1-ZC-1024-K-116.sanitized,TIMEOUT,124,0,0,5000.276938474,99,0,0,0,0,1795,7356,0,0,0,0,0,4096,,,,,,,,,114162,6597349,6597349,,.03,,,,,,,,,108633200
695e287a447fcdd924985a6e73057a38-rbsat-v1150c84314gyes1,TIMEOUT,124,0,0,5000.124013775,99,0,0,0,0,51,13317,0,0,0,0,0,4096,,,,,,,,,1150,84314,84314,,.02,,,,,,,,,1024652
65c5a5d228ec5e52d1a72f918086f584-32_100.sanitized,SAT,10,0,0,570.200020529,98,0,0,0,0,10354,3285,0,0,0,0,0,4096,34164,80342305,1175959242,125,388370,388370,,388370,11055652,27532659,27532659,3.45,.80,59.91,140901.96,2062362.67,0.00,,,388370,3.45,636442310
67c533489a498495525efee429340958-cliquecolouring_n15_k9_c8.sanitized,TIMEOUT,124,0,0,5000.181118131,99,0,0,0,0,40,1978,0,0,0,0,0,4096,,,,,,,,,360,10329,10329,,.06,,,,,,,,,150544
67b4844c4bfbaf961cbbd79b953aa5c2-stb_588_138.apx_1_DC-AD,TIMEOUT,124,0,0,5000.107120854,99,0,0,0,0,40,2891,0,0,0,0,0,4096,,,,,,,,,1176,12921,12921,,.18,,,,,,,,,160729
6543793076c30fc7cdfa5a3c819cedc7-oisc-subrv-sll-nested-11,TIMEOUT,124,0,0,10340.248476710,48,0,0,0,0,9539,7902,0,0,0,0,0,4096,,,,,,,,,7161350,24914325,24914325,,.57,,,,,,,,,586210918
63732c330adb8de8dd47ce1693b86d0e-FmlaEquivChain_4_8_8.sanitized,TIMEOUT,124,0,0,11319.514701687,44,0,0,0,0,1024,9152,0,0,0,0,0,4096,,,,,,,,,266204,2719512,2719512,,.19,,,,,,,,,60948290
634a271f5fe339007a186539d615e92f-noL-11-4.sanitized,TIMEOUT,124,0,0,11319.264071864,44,0,0,0,0,40,3452,0,0,0,0,0,4096,,,,,,,,,1419,7821,7821,,.36,,,,,,,,,133475
61069e0e3339af80000b774a041b7d96-constraints_18_0.3_2.sanitized,UNSAT,20,0,0,3045.837331736,99,0,0,0,0,588,4653,0,0,0,0,0,4096,5206136,7948690,871557247,8191,432738385,432738385,,432738385,3264,50832,50832,57.91,.12,1709.26,2609.68,286147.01,0.00,,,432738385,57.91,34141791
6077d4e5f755124ddc84068d6ccb630f-Nb44T6,UNSAT,20,0,0,2984.597255883,99,0,0,0,0,2631,4609,0,0,0,0,0,4096,947132,1648075,10814418644,2044,15586053,15586053,,15586053,1516938,6737280,6737280,25.49,.45,317.33,552.19,3623409.69,0.00,,,15586053,25.49,160216918
6008b958ff6877f32c26b72728df4523-linked_list_swap_contents_safety_unwind76,ERROR,0,0,0,372.924528759,96,0,0,0,0,16365,469,0,0,0,0,0,4096,,,,,,,,,3106374,38935153,38935153,,.15,,,,,,,,,1007510748
62dcbf79f5ecef5618c9d9a00311326c-pcmax-scheduling-m13-1655-9604-UNSAT.sanitized,TIMEOUT,124,0,0,5979.666471777,83,0,0,0,0,38,4188,0,0,0,0,0,4096,,,,,,,,,1654,8801,8801,,.37,,,,,,,,,152713
5ea72bcdccc86bd1a924029f7b81aec5-atco_enc1_opt1_10_15,SAT,10,0,0,2156.732876507,99,0,0,0,0,134,2869,0,0,0,0,0,4096,4557018,6675162,4026698481,8187,125255003,125255003,,125255003,46759,250518,250518,40.00,.37,2112.92,3095.03,1867036.25,0.00,,,125255003,40.00,6119410
5e5fe73a2e0ffc8e19873298566919fb-rbsat-v760c43649gyes3,SAT,10,0,0,3065.627050013,99,0,0,0,0,44,2069,0,0,0,0,0,4096,9791596,12941377,779508826,16200,541868935,541868935,,541868935,760,43649,43649,47.78,.03,3193.99,4221.44,254273.86,0.00,,,541868935,47.78,514056
5e1c11b77cdf3717b81b957120f0f477-x9-12001.sat.sanitized,SAT,10,0,0,1085.559861496,99,0,0,0,0,36,1041,0,0,0,0,0,4096,17041448,22092361,1993612923,25085,660962661,660962661,,660962661,600,5392,5392,23.81,.22,15698.30,20351.12,1836483.63,0.00,,,660962661,23.81,67341
5ee7de2bd112aa39485e79c9d487bf8f-simon-r23-1.sanitized,TIMEOUT,124,0,0,5046.921406767,100,0,0,0,0,39,5287,0,0,0,0,0,4096,,,,,,,,,3808,12576,12576,,.60,,,,,,,,,202604
5cb1ca8fe8a9d9125ea9accd498445f1-stb_531_83.apx_1_DC-ST,TIMEOUT,124,0,0,5181.694916083,99,0,0,0,0,40,3087,0,0,0,0,0,4096,,,,,,,,,1062,19797,19797,,.10,,,,,,,,,248266
5b5dfab02ce5c12a50be3bc7d7cc42c7-pcmax-scheduling-m15-2352-13561-SAT.sanitized,TIMEOUT,124,0,0,5187.596293374,100,0,0,0,0,39,3568,0,0,0,0,0,4096,,,,,,,,,2351,13401,13401,,.35,,,,,,,,,215353
5b0f16de2c5419b80b608db37d07d994-lec_mult_KvW_11x10.sanitized,TIMEOUT,124,0,0,5211.663594119,99,0,0,0,0,39,3475,0,0,0,0,0,4096,,,,,,,,,4595,13744,13744,,.66,,,,,,,,,196621
5ab3040d8617bf9f4d4cef4e56dcfd03-g2-hwmcc15deep-6s161-k17,TIMEOUT,124,0,0,5229.783027155,99,0,0,0,0,70,9049,0,0,0,0,0,4096,,,,,,,,,44195,128348,128348,,.68,,,,,,,,,2140957
5a068ba62fe30e435a76e2ec80896ef4-ITC2021_Middle_1.xml,TIMEOUT,124,0,0,5229.854921132,99,0,0,0,0,86,6902,0,0,0,0,0,4096,,,,,,,,,58907,193418,193418,,.60,,,,,,,,,3184274
5952b9f18b73dabb531c60e3ac85d26f-ctl_4291_567_9_unsat,UNSAT,20,0,0,692.202678472,100,0,0,0,0,86,992,0,0,0,0,0,4096,3971552,4756902,1999670685,7057,71360341,71360341,,71360341,17850,154655,154655,44.96,.23,5737.55,6872.12,2888851.41,0.00,,,71360341,44.96,3198754
57f4ea7ab160d996e38e69fac59869c4-x9-09047.sat.sanitized,UNSAT,20,0,0,160.859519997,99,0,0,0,0,36,125,0,0,0,0,0,4096,4461497,5524220,434025209,8025,124862272,124862272,,124862272,450,4058,4058,26.86,.22,27735.36,34341.89,2698163.02,0.00,,,124862272,26.86,50106
5865fb9a6575d2ae6542c36ab96646a9-x9-11088.sat.sanitized,SAT,10,0,0,867.764337355,99,0,0,0,0,37,351,0,0,0,0,0,4096,16437304,20827776,1825686911,24574,562221882,562221882,,562221882,550,4956,4956,24.97,.22,18942.12,24001.65,2103897.14,0.00,,,562221882,24.97,61658
573cc82ec61e01fd6e6308493ee56289-linked_list_swap_contents_safety_unwind80,ERROR,0,0,0,438.061232600,97,0,0,0,0,18030,532,0,0,0,0,0,4096,,,,,,,,,3345193,42768117,42768117,,.15,,,,,,,,,1110049414
59825ed96dc3bbdbd8789a4870b323ec-hcp_CP18_18,TIMEOUT,124,0,0,5227.590487344,99,0,0,0,0,188,9902,0,0,0,0,0,4096,,,,,,,,,122472,440385,440385,,.55,,,,,,,,,9559330
576ebc1333f2c466c2dec98792721e1f-j3037_9_rggt_b,SAT,10,0,0,1197.649913407,99,0,0,0,0,59,722,0,0,0,0,0,4096,5254749,6692934,5122249847,8191,162384148,162384148,,162384148,18913,85586,85586,43.63,.44,4387.55,5588.38,4276917.47,0.00,,,162384148,43.63,1471029
5690b9b0380aa9508699e56cae5918b5-170058440,TIMEOUT,124,0,0,5127.137697450,99,0,0,0,0,38,1851,0,0,0,0,0,4096,,,,,,,,,320,1120,1120,,.57,,,,,,,,,16242
556cf803f9de4b2ec688825b5ff7e325-tseitin_d3_n174.sanitized,TIMEOUT,124,0,0,5115.501084460,100,0,0,0,0,39,3179,0,0,0,0,0,4096,,,,,,,,,261,696,696,,.75,,,,,,,,,9938
54c2da6d387a6f5ad6e014ae4d4decfc-x9-10038.sat.sanitized,SAT,10,0,0,246.378842195,99,0,0,0,0,37,317,0,0,0,0,0,4096,6275042,7997963,648845658,10235,202467799,202467799,,202467799,500,4499,4499,24.21,.22,25469.07,32462.05,2633528.31,0.00,,,202467799,24.21,55814
55199d55fa9c3751a525d6c0a0e649bd-WS_500_16_90_70.apx_2_DC-AD,TIMEOUT,124,0,0,5100.919190946,100,0,0,0,0,39,7317,0,0,0,0,0,4096,,,,,,,,,1000,13000,13000,,.15,,,,,,,,,157042
5411047bc24f4321f0e490e01e4a0910-goldcrest-and-9,UNSAT,20,0,0,674.083252269,99,0,0,0,0,388,1025,0,0,0,0,0,4096,287981,1328284,753882941,691,47761634,47761634,,47761634,370674,1133238,1133238,50.75,.65,427.21,1970.50,1118382.54,0.00,,,47761634,50.75,21887723
543e67dd5abc272c37775b1b742a1d9a-qwh.60.1728.shuffled-as.sat03-1659,TIMEOUT,124,0,0,5000.525969837,99,0,0,0,0,165,8074,0,0,0,0,0,4096,,,,,,,,,25162,542447,542447,,.09,,,,,,,,,8043194
5432e4dd44480fadbd66647db1750c80-pcmax-scheduling-m24-24102-255206-SAT.sanitized,TIMEOUT,124,0,0,5000.239515107,99,0,0,0,0,380,6689,0,0,0,0,0,4096,,,,,,,,,24101,254904,254904,,.18,,,,,,,,,4944536
511a2d81661a185c2115daec42270dec-circuit_32in32out_with_500gates_6in6out_dist64_seed1.sanitized,SAT,10,0,0,597.027583468,99,0,0,0,0,2177,2685,0,0,0,0,0,4096,930071,1336724,64156535,2043,16523016,16523016,,16523016,3032,2016000,2016000,18.49,0,1557.83,2238.96,107459.91,0.00,,,16523016,18.49,128435573
52aaf653a79ca14fa1127cda32aa94ce-noL-11-10.sanitized,TIMEOUT,124,0,0,5000.153863114,99,0,0,0,0,144,2873,0,0,0,0,0,4096,,,,,,,,,1419,7821,7821,,.36,,,,,,,,,133508
50019e4419d48196bb4b95933a8b5030-noL-11-14.sanitized,TIMEOUT,124,0,0,5000.135689247,99,0,0,0,0,39,2504,0,0,0,0,0,4096,,,,,,,,,1419,7821,7821,,.36,,,,,,,,,133532
4f2d6659b5c9bf594ea12e3e1a85799f-mdp-32-11-unsat,TIMEOUT,124,0,0,5000.123487715,99,0,0,0,0,38,2584,0,0,0,0,0,4096,,,,,,,,,990,5649,5649,,.35,,,,,,,,,90236
4e366e723d75fe39bf6db9a24ffb059b-Dodecahedron-k7,TIMEOUT,124,0,0,5000.139247918,99,0,0,0,0,99,13579,0,0,0,0,0,4096,,,,,,,,,17600,198610,198610,,.17,,,,,,,,,3987129
4d7f6efbae05b66ffbbd509a430d57f8-stb_418_125.apx_1_DC-ST,TIMEOUT,124,0,0,5000.145534901,99,0,0,0,0,40,4588,0,0,0,0,0,4096,,,,,,,,,836,17015,17015,,.09,,,,,,,,,209063
4c54efa61599e33d514bf718ff23ad09-lec_mult_CvK_12x11.sanitized,TIMEOUT,124,0,0,5000.142506329,99,0,0,0,0,40,2875,0,0,0,0,0,4096,,,,,,,,,5253,15714,15714,,.66,,,,,,,,,224831
4be4ae25aae88528bc10f8369bba86df-ER_400_20_4.apx_1_DC-AD,TIMEOUT,124,0,0,5000.132426037,99,0,0,0,0,45,2163,0,0,0,0,0,4096,,,,,,,,,802,49150,49150,,.03,,,,,,,,,598570
4a8285a53f30b35016b0c85ea17ba155-1-TC-256-K-68.sanitized,UNSAT,20,0,0,3975.995060191,99,0,0,0,0,154,7240,0,0,0,0,0,4096,3271149,4714839,3261001756,5833,173048172,173048172,,173048172,15642,482125,482125,55.57,.06,822.72,1185.82,820172.48,0.00,,,173048172,55.57,7364989
475803537529d9d14a034957f48a6d38-x9-09076.sat.sanitized,UNSAT,20,0,0,413.021156487,99,0,0,0,0,37,1296,0,0,0,0,0,4096,10778529,13223840,1054006351,16383,322170363,322170363,,322170363,450,4055,4055,27.16,.22,26096.79,32017.34,2551942.76,0.00,,,322170363,27.16,50133
47e1ada0070708c2953d322c06aea00d-noL-11-8.sanitized,TIMEOUT,124,0,0,5000.129234393,99,0,0,0,0,39,2639,0,0,0,0,0,4096,,,,,,,,,1419,7821,7821,,.36,,,,,,,,,133498
479b1413f8bd1d6fc0723856ffca9792-constraints_18_0.4_2.sanitized,TIMEOUT,124,0,0,5000.135986622,99,0,0,0,0,1372,2850,0,0,0,0,0,4096,,,,,,,,,3264,126414,126414,,.05,,,,,,,,,82538140
46d75199933980fdb856f13e5b1817dd-1-TC-256-K-64.sanitized,TIMEOUT,124,0,0,10593.955906683,48,0,0,0,0,144,7645,0,0,0,0,0,4096,,,,,,,,,14880,444603,444603,,.06,,,,,,,,,6772559
462d72f9b78ab1cd080667ff12a114ac-lec_mult_CvK_12x12.sanitized,TIMEOUT,124,0,0,10680.182056161,48,0,0,0,0,40,1583,0,0,0,0,0,4096,,,,,,,,,5462,16339,16339,,.66,,,,,,,,,233845
461df1a7056560279d532bc2743022b6-Folkman-185-75415683.sanitized,TIMEOUT,124,0,0,10706.954465961,48,0,0,0,0,42,5703,0,0,0,0,0,4096,,,,,,,,,17020,20444,20444,,1.66,,,,,,,,,400252
44fd38bd0c5fc7336be468161dee4eda-post-cbmc-aes-ee-r3-noholes,UNSAT,20,0,0,2324.118666416,100,0,0,0,0,1058,4420,0,0,0,0,0,4096,9046018,16186573,1196400594,14681,319998980,319998980,,319998980,498723,2041491,2041491,12.05,.48,3892.23,6964.60,514776.03,0.00,,,319998980,12.05,63108470
45a09efb026036ff4b8d19024a7563a9-fermat-931960058139995587,TIMEOUT,124,0,0,5335.268247116,100,0,0,0,0,58,2963,0,0,0,0,0,4096,,,,,,,,,12257,69473,69473,,.35,,,,,,,,,1407528
43e492bccfd57029b758897b17d7f04f-pb_300_09_lb_07,SAT,10,0,0,90.983443984,101,0,0,0,0,224,110,0,0,0,0,0,4096,133820,698234,304840553,370,30866147,30866147,,30866147,145943,625454,625454,15.78,.46,1470.81,7674.29,3350505.75,0.00,,,30866147,15.78,11674114
4517202fdd0ccc8a97d83684b021ea96-VanDerWaerden_2-3-14_186,TIMEOUT,124,0,0,5326.194016788,99,0,0,0,0,39,4862,0,0,0,0,0,4096,,,,,,,,,186,9795,9795,,.03,,,,,,,,,184578
44c25de7963c45e92a2407ad839f6e8b-Break_20_72.xml,TIMEOUT,124,0,0,80846.320855941,6,0,0,0,0,106,7413,0,0,0,0,0,4096,,,,,,,,,53844,270141,270141,,.39,,,,,,,,,4443746
41f4cb4992a481c9d43e2e1a4e2349ac-sgen1-sat-180-100,SAT,10,0,0,760.245691324,100,0,0,0,0,37,323,0,0,0,0,0,4096,56285917,68371190,2150141475,72188,1908627721,1908627721,,1908627721,180,432,432,10.46,.83,74036.48,89933.01,2828219.21,0.00,,,1908627721,10.46,5270
425c81fc3af7f5124b6282583d80df11-mdp-32-12-unsat,TIMEOUT,124,0,0,80818.736842073,6,0,0,0,0,37,5569,0,0,0,0,0,4096,,,,,,,,,985,5613,5613,,.35,,,,,,,,,89878
4214f45042f8c504f9837afaec88bf8f-ER_400_20_7.apx_2_DC-AD,TIMEOUT,124,0,0,80801.181675939,6,0,0,0,0,45,8925,0,0,0,0,0,4096,,,,,,,,,802,48037,48037,,.03,,,,,,,,,584415
4106867bc76b8794330a205cf8a303ad-bvsub_19952.smt2,UNSAT,20,0,0,2080.979823475,99,0,0,0,0,556,2380,0,0,0,0,0,4096,3998113,611324963,6700901369,7151,36447904,36447904,,36447904,598533,1616034,1616034,23.06,.74,1921.26,293767.84,3220070.32,0.00,,,36447904,23.06,32130273
3ed56242f55e3653dbceeb4a70221787-rbsat-v945c61409gyes9-sc2009,SAT,10,0,0,158.913627805,99,0,0,0,0,46,154,0,0,0,0,0,4096,441358,785092,48838666,1022,41562486,41562486,,41562486,945,61409,61409,32.03,.03,2777.34,4940.36,307328.36,0.00,,,41562486,32.03,723873
40737c2f46512069d54b0d2bb3b47a20-ER_400_20_4.apx_2_DC-AD,TIMEOUT,124,0,0,31106.865843703,16,0,0,0,0,45,5156,0,0,0,0,0,4096,,,,,,,,,802,49150,49150,,.03,,,,,,,,,598570
3bf8ba6bb4e4ea9ad08b1b058661ba2e-summle_X4044_steps7_I1-2-2-4-4-8-25-100,SAT,10,0,0,4.220141560,97,0,0,0,0,97,4,0,0,0,0,0,4096,32904,69263,32300124,124,1063837,1063837,,1063837,93724,196648,196648,32.81,.95,7796.89,16412.48,7653801.07,0.00,,,1063837,32.81,3980423
3c6e1d1c4b8d3d08aa4c1df3805f4f7d-x9-10031.sat.sanitized,UNSAT,20,0,0,29886.449396016,13,0,0,0,0,38,3832,0,0,0,0,0,4096,63387578,78794689,6363056935,81918,2111456990,2111456990,,2111456990,500,4491,4491,27.15,.22,2120.94,2636.46,212907.75,0.00,,,2111456990,27.15,55722
3a75ad246dbc750a7391ad887c5b0835-x9-11093.sat.sanitized,SAT,10,0,0,142.083463798,100,0,0,0,0,37,102,0,0,0,0,0,4096,3069405,3986035,344807411,5373,107726376,107726376,,107726376,550,4950,4950,23.14,.22,21602.83,28054.17,2426794.79,0.00,,,107726376,23.14,61595
4073757aae06fc2b50c043f088b132b4-simon-r19-1.sanitized,TIMEOUT,124,0,0,31079.205401550,16,0,0,0,0,38,3558,0,0,0,0,0,4096,,,,,,,,,3168,10400,10400,,.60,,,,,,,,,166198
3988a60c6e93167763c6fd2a347d5859-Break_08_24.xml,SAT,10,0,0,.262803630,54,0,0,0,0,36,1,0,0,0,0,0,4096,2046,8178,665025,14,157613,157613,,157613,3890,14187,14187,7.37,.54,7785.28,31118.29,2530501.57,0.00,,,157613,7.37,193720
3b59c5d9b6729f39c8483446701f4ed0-g2-T93.2.1,UNSAT,20,0,0,1331.760160998,99,0,0,0,0,4414,1790,0,0,0,0,0,4096,453928,3683658,3935607613,1022,16765295,16765295,,16765295,3438718,11882170,11882170,31.10,.57,340.84,2766.00,2955192.48,0.00,,,16765295,31.10,270200542
396fd56f3fd7b85afbba4254ea6e746c-circuit_32in32out_with_80gates_7in7out_dist128_seed1.sanitized,SAT,10,0,0,796.055941120,99,0,0,0,0,1349,4845,0,0,0,0,0,4096,801745,1078188,34830916,1721,20920363,20920363,,20920363,592,1300480,1300480,13.97,0,1007.14,1354.41,43754.35,0.00,,,20920363,13.97,81069167
39fba35826ce8c87cd8e8de1969b2dd2-SGI_30_80_26_70_4-log.shuffled-as.sat03-208,TIMEOUT,124,0,0,5181.933233382,99,0,0,0,0,68,7476,0,0,0,0,0,4096,,,,,,,,,130,53458,53458,,0,,,,,,,,,2066808
37ca184832fc6fa43a22ae900f1756a2-circuit_32in32out_with_350gates_6in6out_dist64_seed1.sanitized,SAT,10,0,0,104.866253171,99,0,0,0,0,1450,178,0,0,0,0,0,4096,108540,192875,6263463,285,1414653,1414653,,1414653,2132,1411200,1411200,13.19,0,1035.03,1839.24,59728.10,0.00,,,1414653,13.19,87320953
39277cab188349aee0f229cb7341b5c5-crafted_n12_d6_c4_num23,TIMEOUT,124,0,0,5182.822369697,99,0,0,0,0,4018,11210,0,0,0,0,0,4096,,,,,,,,,56064,15834432,15834432,,0,,,,,,,,,245823757
385042a6042a0df5ddfec6e17f285ae7-lec_mult_CvD_11x11.sanitized,UNSAT,20,0,0,4614.282259187,99,0,0,0,0,39,1579,0,0,0,0,0,4096,103928088,120031636,18765882867,131070,2690978233,2690978233,,2690978233,2780,8297,8297,60.84,.67,22523.13,26013.06,4066912.64,0.00,,,2690978233,60.84,113886
37a11ae189df2834a3f294736f34608f-mdp-28-16-unsat,TIMEOUT,124,0,0,5168.150656983,99,0,0,0,0,37,1637,0,0,0,0,0,4096,,,,,,,,,750,4217,4217,,.35,,,,,,,,,66685
36dbc206c7d9773bebb03f752070cee9-tseitin_grid_n11_m20.sanitized,TIMEOUT,124,0,0,5166.537110297,100,0,0,0,0,37,6401,0,0,0,0,0,4096,,,,,,,,,409,1520,1520,,.53,,,,,,,,,27931
3593875d75d6e836a3ac328c5426c1b5-Break_18_32.xml,TIMEOUT,124,0,0,5166.632739029,100,0,0,0,0,83,10380,0,0,0,0,0,4096,,,,,,,,,37028,187771,187771,,.39,,,,,,,,,3031620
34fa0922e66aee3b6f6ffe1760f459d4-f9idw,UNSAT,20,0,0,1726.816540076,99,0,0,0,0,514,4401,0,0,0,0,0,4096,4130003,15512464,2260779027,7260,199747209,199747209,,199747209,526651,1570020,1570020,42.99,.67,2391.68,8983.27,1309217.84,0.00,,,199747209,42.99,29596746
32585e66749f42e161e94fc49fd64750-pcmax-scheduling-m26-6398-62377-UNSAT.sanitized,UNSAT,20,0,0,8681.191971709,14,0,0,0,0,52,2869,0,0,0,0,0,4096,7484485,11550334,464461241,12284,525401727,525401727,,525401727,6397,60575,60575,28.29,.21,862.14,1330.50,53502.01,0.00,,,525401727,28.29,1042025
35789168b67a74985804902008251269-tseitingrid6x200_shuffled,TIMEOUT,124,0,0,12471.752218911,40,0,0,0,0,40,8347,0,0,0,0,0,4096,,,,,,,,,2400,9600,9600,,.50,,,,,,,,,212704
334aa882de28856fc8c75885285d2a3c-HCP-446-105,TIMEOUT,124,0,0,12450.174306462,40,0,0,0,0,128,8051,0,0,0,0,0,4096,,,,,,,,,29934,247391,247391,,.24,,,,,,,,,5723473
31e788a12ddc8b43ec20e77d53abaa23-pcmax-scheduling-m40-26287-324155-SAT.sanitized,TIMEOUT,124,0,0,5000.239204557,99,0,0,0,0,128,6606,0,0,0,0,0,4096,,,,,,,,,26286,319289,319289,,.16,,,,,,,,,5779578
3184e52e950ac39095a801c418f68d50-mdp-28-10-unsat,UNSAT,20,0,0,3838.185881136,99,0,0,0,0,38,7745,0,0,0,0,0,4096,135626477,141179133,27195418900,163838,2784972018,2784972018,,2784972018,761,4321,4321,37.73,.35,35336.08,36782.77,7085487.71,0.00,,,2784972018,37.73,68333
31bb67fe67e57dbeb8c4819b01892588-hwmcc17miters-xits-iso-oski15a08b08s.sanitized,TIMEOUT,124,0,0,5000.366294926,99,0,0,0,0,1467,5508,0,0,0,0,0,4096,,,,,,,,,1454447,4369240,4369240,,.66,,,,,,,,,88398638
305ad7d773d6c72be9b1efbf7bf482e0-asconhashv12_opt64_H9_M2-MIC4kfhiA_m0_6_U2.c,UNSAT,20,0,0,1058.753062537,99,0,0,0,0,163,1350,0,0,0,0,0,4096,904693,3314069,1772315343,1977,107137522,107137522,,107137522,158748,372744,372744,23.31,.85,854.48,3130.16,1673964.78,0.00,,,107137522,23.31,7872190
303480ca7e8322d771c94caf4ebd4e95-circuit_48in64out_with_700gates_4in4out_dist128_seed1.sanitized,SAT,10,0,0,17.867239456,99,0,0,0,0,151,125,0,0,0,0,0,4096,205888,292787,26244649,511,4786279,4786279,,4786279,2848,168000,168000,28.85,.03,11523.21,16386.80,1468869.83,0.00,,,4786279,28.85,7214696
3129198788f182ce6955b18aa3c7e61e-simon-r24-1.sanitized,TIMEOUT,124,0,0,5000.181255631,99,0,0,0,0,40,5280,0,0,0,0,0,4096,,,,,,,,,3968,13120,13120,,.60,,,,,,,,,211681
30f0db845937bbda3ffde60e5ed4cb3f-Folkman-190-66337703.sanitized,TIMEOUT,124,0,0,5000.176080655,99,0,0,0,0,42,5131,0,0,0,0,0,4096,,,,,,,,,17947,22008,22008,,1.63,,,,,,,,,433426
2fcd8533eba981967292f1b6e41f7433-simon-r20-0.sanitized,TIMEOUT,124,0,0,5000.127013451,99,0,0,0,0,38,1992,0,0,0,0,0,4096,,,,,,,,,3328,10944,10944,,.60,,,,,,,,,175280
2eb039a5aa6bfb6e41d3afd41071ca55-ER_500_30_3.apx_1_DC-ST,TIMEOUT,124,0,0,5000.171926390,99,0,0,0,0,56,19024,0,0,0,0,0,4096,,,,,,,,,1002,113964,113964,,.01,,,,,,,,,1398439
2dd4b14a8a820e7baa073554ae2c6cb0-rphp_p8_r160.sanitized,TIMEOUT,124,0,0,5000.184854418,99,0,0,0,0,74,6714,0,0,0,0,0,4096,,,,,,,,,2560,94968,94968,,.05,,,,,,,,,2397750
2b8a711debc3a6edd01e7b4e305342d9-REGRandom-K4-L2-Seed35.sanitized,ERROR,0,0,0,495.392628801,99,0,0,0,0,1265,499,0,0,0,0,0,4096,,,,,,,,,10240,3306240,3306240,,0,,,,,,,,,75867315
2d6d26e1c5b4f2763c03697a6d00d3cf-fixedbandwidth-eq-31_shuffled,TIMEOUT,124,0,0,5000.130922309,99,0,0,0,0,37,9402,0,0,0,0,0,4096,,,,,,,,,125,510,510,,.49,,,,,,,,,6648
fb51311320bb42bdb893249998a77f40-constraints_16_0.3_1.sanitized,UNSAT,20,0,0,1107.605834823,99,0,0,0,0,144,590,136,0,0,0,0,4096,3415524,5646570,299587734,6140,365907777,365907777,,365907777,2240,21080,21080,34.01,.21,3083.69,5097.99,270482.26,0.00,,,365907777,34.01,5796494
ff9e9b01d50d01ecb6740472d7dd36cd-1-ZC-512-K-61.sanitized,SAT,10,0,0,1551.454923391,99,0,0,0,0,310,3715,264,0,0,0,0,4096,1579332,2994024,1939095773,3069,89295110,89295110,,89295110,30426,1001558,1001558,23.90,.06,1017.96,1929.81,1249856.34,0.00,,,89295110,23.90,16151208
fb45d41807bcbbbe689de282c1310798-Break_unsat_16_27.xml,TIMEOUT,124,0,0,4838.365832735,99,0,0,0,0,73,13176,16,0,0,0,0,4096,,,,,,,,,31113,127844,127844,,.48,,,,,,,,,2013446
2b60f9be1439f63b7f174c6b8ca7fedf-sgen1-unsat-121-100,TIMEOUT,124,0,0,27732.611433007,18,0,0,0,0,36,9951,0,0,0,0,0,4096,,,,,,,,,121,252,252,,.96,,,,,,,,,3263
2c3c28f6d939d157e909c57a265fc908-mchess_17,TIMEOUT,124,0,0,27732.624234163,18,0,0,0,0,48,1824,336,0,0,0,0,4096,,,,,,,,,544,1811,1811,,.60,,,,,,,,,22436
2b043efb4bde6d83f7c95a8e8e2d7bf8-simon-r21-0.sanitized,TIMEOUT,124,0,0,27732.617205320,18,0,0,0,0,43,1934,0,0,0,0,0,4096,,,,,,,,,3488,11488,11488,,.60,,,,,,,,,184398
2a53e9c6a25a50d753a94ead66065826-mp1-ps_5000_21250_3_0_0.8_0_1.50_6,UNSAT,20,0,0,127.035990553,99,0,0,0,0,58,84,248,0,0,0,0,4096,2412854,2817094,482378498,4095,44698603,44698603,,44698603,5000,21250,21250,36.78,.47,18993.46,22175.55,3797179.80,0.00,,,44698603,36.78,352187
2a15a30186afdad41a49c5c5366d01be-Timetable_C_392_E_62_Cl_26_S_28,ERROR,0,0,0,3041.805549029,99,0,0,0,0,650,4810,256,0,0,0,0,4096,,,,,,,,,282525,1743751,1743751,,.32,,,,,,,,,37988877
2b032f8a8976a302ad125eb50a3e8445-1-ZC-512-K-60.sanitized,SAT,10,0,0,3202.727276306,99,0,0,0,0,296,4099,88,0,0,0,0,4096,2146388,3996902,2563736209,4093,126871755,126871755,,126871755,29974,975001,975001,25.79,.06,670.17,1247.96,800485.33,0.00,,,126871755,25.79,15720840
29ab150158d641568f888e8401d2ac13-bmc_QICE_snp_vld_30,UNSAT,20,0,0,736.060941987,98,0,0,0,0,7418,980,0,0,0,0,0,4096,733205,5184554,449329793,1534,19230655,19230655,,19230655,6744958,19013082,19013082,52.82,.70,996.11,7043.64,610451.88,0.00,,,19230655,52.82,455386646
282a02a1743eb47c6b340e52ecce40a2-lru_6.sanitized,ERROR,0,0,0,47.704326784,67,0,0,0,0,21332,52,0,0,0,0,0,4096,,,,,,,,,0,0,0,,0,,,,,,,,,1560911009
29e61b1317804fb897e84237613d42bb-worker_30_60_25_0.9,TIMEOUT,124,0,0,5000.160837445,99,0,0,0,0,55,10783,0,0,0,0,0,4096,,,,,,,,,1015,21642,21642,,.09,,,,,,,,,258561
26b648475cfd06695a17ac95f4469744-128_75.sanitized,ERROR,0,0,0,45.036177651,67,0,0,0,0,21247,50,0,0,0,0,0,4096,,,,,,,,,0,0,0,,0,,,,,,,,,1785088883
26254890fa7107f85242ec9190da2a7a-002,SAT,10,0,0,287.047680450,99,0,0,0,0,111,255,0,0,0,0,0,4096,4079870,26994035,442493055,7165,327764720,327764720,,327764720,4128,72259,72259,9.85,.11,14213.21,94040.24,1541531.54,0.00,,,327764720,9.85,4688467
278aa933fdef642f33fb02a2b18717c1-lec_mult_DvK_11x10.sanitized,UNSAT,20,0,0,4052.532524055,99,0,0,0,0,56,1691,0,0,0,0,0,4096,37667864,42771073,14629606200,52220,1169489987,1169489987,,1169489987,4538,13573,13573,74.55,.66,9294.89,10554.15,3609991.06,0.00,,,1169489987,74.55,194322
29d86d9a3b85c349e10ad68d7a713da2-1-ZC-512-K-63.sanitized,TIMEOUT,124,0,0,5000.247657039,99,0,0,0,0,396,18069,0,0,0,0,0,4096,,,,,,,,,31327,1055451,1055451,,.05,,,,,,,,,17024533
25cc054738293c0d9377d7b72b78a341-string_compare_safety_cbmc_unwinding_900,UNSAT,20,0,0,2678.097276826,99,0,0,0,0,6495,3438,0,0,0,0,0,4096,577453,10057738,3775330737,1213,672130758,672130758,,672130758,3275344,16684262,16684262,30.13,.39,215.62,3755.55,1409706.34,0.00,,,672130758,30.13,398521179
25447f441df2f134223d3e43319c99ad-lec_mult_CvW_12x11.sanitized,TIMEOUT,124,0,0,5000.140693478,99,0,0,0,0,38,1579,0,0,0,0,0,4096,,,,,,,,,3111,9288,9288,,.66,,,,,,,,,128434
24bdfb34654b1aa703fae31ea91e7c7f-tseitin_d3_n158.sanitized,TIMEOUT,124,0,0,5000.127505308,99,0,0,0,0,38,3225,0,0,0,0,0,4096,,,,,,,,,237,632,632,,.75,,,,,,,,,8946
23daec2c71ce3c1e346e6042f3dc42eb-mdp-32-14-unsat,TIMEOUT,124,0,0,5000.127162842,99,0,0,0,0,39,2991,0,0,0,0,0,4096,,,,,,,,,979,5556,5556,,.35,,,,,,,,,88743
210fe1c0ffefde5bcd03d59b1efa6984-32_325.sanitized,ERROR,0,0,0,46.872481452,66,0,0,0,0,21270,59,0,0,0,0,0,4096,,,,,,,,,0,0,0,,0,,,,,,,,,2226166985
22b4cf412c811872d6ba5078106aeb6c-j3037_10_rggt_b,SAT,10,0,0,427.224837912,99,0,0,0,0,54,1044,0,0,0,0,0,4096,2311351,2809747,2412088498,4095,61554103,61554103,,61554103,14174,66704,66704,49.03,.42,5410.15,6576.74,5645946.31,0.00,,,61554103,49.03,1126507
1f44da3598ccf8bcbe9a90fb1b2f1ebd-REGRandom-K3-L3-Seed25.sanitized,UNSAT,20,0,0,114.427033800,99,0,0,0,0,198,162,0,0,0,0,0,4096,3467508,15424778,66144855,6141,447009843,447009843,,447009843,4608,474496,474496,7.70,.01,30303.22,134800.12,578052.69,0.00,,,447009843,7.70,10079060
1ea68d0008f01c50a1e4fec77dd0775e-REGRandom-K4-L1-Seed30.sanitized,UNSAT,20,0,0,119.922374075,99,0,0,0,0,333,97,0,0,0,0,0,4096,1442681,6168230,26703314,2811,222172944,222172944,,222172944,4608,825728,825728,9.99,.01,12030.12,51435.18,222671.65,0.00,,,222172944,9.99,18457774
2115182958f6cfb5a172a24f989b86dd-rook-42-0-1,TIMEOUT,124,0,0,5000.154238538,99,0,0,0,0,121,7787,0,0,0,0,0,4096,,,,,,,,,77529,297898,297898,,.52,,,,,,,,,5424748
207b28c3cefc55b143259222cbfd4962-pcmax-scheduling-m37-28831-324346-SAT.sanitized,TIMEOUT,124,0,0,5000.180789754,99,0,0,0,0,128,8189,0,0,0,0,0,4096,,,,,,,,,28830,320272,320272,,.18,,,,,,,,,5812312
1e0da402100982e53001a64281149dd9-linked_list_swap_contents_safety_unwind63,UNSAT,20,0,0,296.539969665,97,0,0,0,0,11518,389,0,0,0,0,0,4096,4653,2589667,182401620,25,8484396,8484396,,8484396,2380624,27703472,27703472,19.73,.17,15.69,8732.94,615099.61,0.00,,,8484396,19.73,707984909
1e74212168124b696531fed471b480b1-mdp-32-10-unsat,TIMEOUT,124,0,0,5000.142608491,99,0,0,0,0,38,2008,0,0,0,0,0,4096,,,,,,,,,994,5681,5681,,.34,,,,,,,,,90876
1e3c3e8d349759b8b482a6f2721762c4-apn-sbox5-cut3-symmbreak,TIMEOUT,124,0,0,13384.347251450,37,0,0,0,0,59,6670,0,0,0,0,0,4096,,,,,,,,,21240,86056,86056,,.49,,,,,,,,,1493292
1afa2d7a3d817c3149da432eece66da8-worker_550_550_550_0.3,SAT,10,0,0,336.090153747,99,0,0,0,0,2673,246,0,0,0,0,0,4096,115895,15984969,39518456,315,226925822,226925822,,226925822,93713,10295409,10295409,0.17,.01,344.83,47561.55,117582.90,0.00,,,226925822,0.17,162838394
1b3c7ac17705be94daaddb5f5ae4816b-rook-56-0-0,TIMEOUT,124,0,0,13384.311938141,37,0,0,0,0,256,7663,0,0,0,0,0,4096,,,,,,,,,181773,705256,705256,,.51,,,,,,,,,13675796
1b0f4ff7984b8d4cf2873200fb1680fb-af-synthesis_stb_50_140_1_unsat,TIMEOUT,124,0,0,13384.303899643,37,0,0,0,0,145,12099,0,0,0,0,0,4096,,,,,,,,,26390,316876,316876,,.16,,,,,,,,,6908220
19e2c3a0865c8c1b4543d11213bebe5f-x9-09024.sat.sanitized,UNSAT,20,0,0,149003.932245619,0,0,0,0,0,36,1016,0,0,0,0,0,4096,5150803,6311481,502588776,8191,146879300,146879300,,146879300,450,4046,4046,27.54,.22,34.56,42.35,3372.99,0.00,,,146879300,27.54,49929
195852083a05edee1902233698eec14a-x9-11077.sat.sanitized,SAT,10,0,0,727.441361025,99,0,0,0,0,36,1458,0,0,0,0,0,4096,13607912,17396889,1507843519,20476,489090517,489090517,,489090517,550,4950,4950,24.18,.22,18706.54,23915.17,2072804.21,0.00,,,489090517,24.18,61620
1a1c9d1dc1ae7fcff92e3c3499864b75-af-synthesis_stb_50_200_4_unsat,UNSAT,20,0,0,2490.242481808,99,0,0,0,0,222,5185,1096,0,0,0,0,4096,2265048,2578880,2582210078,4095,63109845,63109845,,63109845,32365,447805,447805,62.36,.14,909.56,1035.59,1036931.18,0.00,,,63109845,62.36,9702576
170b13af977e962321c493544b2bd0a9-circuit_48in64out_with_800gates_4in4out_dist128_seed4.sanitized,SAT,10,0,0,1560.070680727,99,0,0,0,0,172,615,0,0,0,0,0,4096,7629403,9797767,1291809635,12286,231150237,231150237,,231150237,3248,192000,192000,26.67,.03,4890.42,6280.33,828045.58,0.00,,,231150237,26.67,8317295
18c0eb461bda29214bd43b84199a3b61-cliquecolouring_n31_k5_c4.sanitized,TIMEOUT,124,0,0,5000.147455439,99,0,0,0,0,42,3200,0,0,0,0,0,4096,,,,,,,,,744,14017,14017,,.10,,,,,,,,,212884
1a20d903db74ab566efc68a35e6b0ec5-hwmcc20miters-iso-rast-p11.sanitized,TIMEOUT,124,0,0,5000.161125356,99,0,0,0,0,137,11501,416,0,0,0,0,4096,,,,,,,,,85224,276256,276256,,.61,,,,,,,,,5122029
16c5482d8e658b54e20d59cfd4b1d588-two-trees-511v.sanitized,SAT,10,0,0,1176.606099066,99,0,0,0,0,37,535,0,0,0,0,0,4096,42579409,46109306,4132859697,59515,1149932576,1149932576,,1149932576,511,2039,2039,29.25,.50,36188.32,39188.39,3512526.15,0.00,,,1149932576,29.25,30007
170a7d847694ee4cfa5c421757672882-af-synthesis_stb_50_140_0_unsat,TIMEOUT,124,0,0,5000.130171745,99,0,0,0,0,149,6474,0,0,0,0,0,4096,,,,,,,,,26277,323431,323431,,.16,,,,,,,,,7057149
16ca57f2cdffd5b0260fc771017e1f04-mdp-36-10-unsat,TIMEOUT,124,0,0,5000.125575688,99,0,0,0,0,38,7003,0,0,0,0,0,4096,,,,,,,,,1250,7189,7189,,.34,,,,,,,,,117941
16c27d738cb45b766b8823ca4f428cf0-rbsat-v760c43649gyes7,TIMEOUT,124,0,0,4976.291759825,100,0,0,0,0,45,5945,0,0,0,0,0,4096,,,,,,,,,760,43649,43649,,.03,,,,,,,,,514559
1507d9812624b3e0eaf15e40100be020-x9-12014.sat.sanitized,SAT,10,0,0,242.235356218,99,0,0,0,0,38,137,0,0,0,0,0,4096,4954202,6506911,589197291,8191,187041717,187041717,,187041717,600,5405,5405,22.80,.22,20452.01,26861.93,2432333.99,0.00,,,187041717,22.80,67478
1548977b4e27032fe07cda357782cd6a-mdp-28-14-unsat,TIMEOUT,124,0,0,4857.673083496,100,0,0,0,0,38,1599,0,0,0,0,0,4096,,,,,,,,,750,4217,4217,,.35,,,,,,,,,66609
1545660e72158c7e90da5ad4c877a124-hwmcc20miters-iso-rast-p06.sanitized,TIMEOUT,124,0,0,4857.714415583,100,0,0,0,0,119,10966,0,0,0,0,0,4096,,,,,,,,,85230,276272,276272,,.61,,,,,,,,,5122369
1427381a809c64c721838894ece6756d-shuffling-2-s25242449-of-bench-sat04-727.used-as.sat04-753,SAT,10,0,0,120.074592267,98,0,0,0,0,1705,175,0,0,0,0,0,4096,12754,144298,17407271,56,1031074,1031074,,1031074,138711,4688329,4688329,10.40,.05,106.21,1201.73,144970.47,0.00,,,1031074,10.40,102777605
14e4cfcf0d83b2185fad41684d00d4dc-x9-12035.sat.sanitized,SAT,10,0,0,1345.571348137,99,0,0,0,0,39,558,0,0,0,0,0,4096,20616466,26655045,2421603289,31227,791000164,791000164,,791000164,600,5406,5406,24.01,.22,15321.71,19809.46,1799684.04,0.00,,,791000164,24.01,67495
13ae2628d8e113db1786dba41a65fe38-x9-10027.sat.sanitized,SAT,10,0,0,769.872330837,99,0,0,0,0,38,624,0,0,0,0,0,4096,14740777,18454802,1527534524,22175,475726856,475726856,,475726856,500,4503,4503,25.18,.22,19147.04,23971.24,1984140.04,0.00,,,475726856,25.18,55892
14ea5857d75ae2b235a3ba97373ea732-af-synthesis_stb_50_40_9_unsat,TIMEOUT,124,0,0,4894.114156229,100,0,0,0,0,83,10354,0,0,0,0,0,4096,,,,,,,,,15978,124822,124822,,.25,,,,,,,,,2859596
12b4a08e412a3bffb513ca65639c7c69-Folkman-175-7416734.sanitized,TIMEOUT,124,0,0,28817.967274896,17,0,0,0,0,43,8708,0,0,0,0,0,4096,,,,,,,,,15222,18688,18688,,1.62,,,,,,,,,360380
11cc532ecddfb10a47e0a869b4867c1b-Break_triple_20_36.xml,TIMEOUT,124,0,0,28818.025353211,17,0,0,0,0,106,9460,0,0,0,0,0,4096,,,,,,,,,49869,264805,264805,,.37,,,,,,,,,4352832
1009c791cee542cdf19651fe25e6881a-summle_X4053_steps8_I1-2-2-4-4-8-25-100,SAT,10,0,0,54.131661138,99,0,0,0,0,112,71,0,0,0,0,0,4096,180482,320142,218508058,506,7110238,7110238,,7110238,112049,231580,231580,44.57,.96,3334.13,5914.13,4036603.59,0.00,,,7110238,44.57,4744758
1165e12b6addad01b491c4616306186c-mulhs016-sc2009,TIMEOUT,124,0,0,28809.492684552,17,0,0,0,0,40,7917,0,0,0,0,0,4096,,,,,,,,,4656,13868,13868,,.67,,,,,,,,,197953
0fa9521ff633b27be11525a7b0f7d8b6-jgiraldezlevy.2200.9086.08.40.41,SAT,10,0,0,1174.769244714,99,0,0,0,0,41,491,0,0,0,0,0,4096,14828886,20281196,3530121461,22394,427321339,427321339,,427321339,2200,9086,9086,31.25,.48,12622.80,17263.98,3004948.82,0.00,,,427321339,31.25,154340
0f262afd5b117000f8b4734d175aadab-linked_list_swap_contents_safety_unwind73,UNSAT,20,0,0,492.593452112,97,0,0,0,0,15173,2125,0,0,0,0,0,4096,4625,4881952,300655951,25,7974105,7974105,,7974105,2931243,36174409,36174409,28.47,.16,9.38,9910.71,610353.12,0.00,,,7974105,28.47,933711673
1156429862d3c03160406d6d1a786f11-rphp_p8_r170.sanitized,TIMEOUT,124,0,0,4872.070357616,99,0,0,0,0,79,9768,0,0,0,0,0,4096,,,,,,,,,2720,106853,106853,,.05,,,,,,,,,2702931
0e5ffe8651c6d9c3cccc3f6cb72be39a-g2-test_v5_r10_vr10_c1_s21502.smt2-cvc4,UNSAT,20,0,0,561.801488068,99,0,0,0,0,416,1203,0,0,0,0,0,4096,711375,1884659,1633311913,1533,25472445,25472445,,25472445,245249,1089831,1089831,50.02,.45,1266.23,3354.67,2907275.87,0.00,,,25472445,50.02,23518107
0fa8623240b5c14c1308f863a6dc88ab-urqh1c5x5.shuffled-as.sat03-1468.cnf.mis-103.debugged,TIMEOUT,124,0,0,4842.836463743,100,0,0,0,0,44,6479,0,0,0,0,0,4096,,,,,,,,,13313,26662,26662,,.99,,,,,,,,,410675
0ef029cb7616d4a89eb6d1f63e89f67e-or_randxor_k3_n510_m510.sanitized,TIMEOUT,124,0,0,4836.415016880,99,0,0,0,0,40,5050,0,0,0,0,0,4096,,,,,,,,,1020,6888,6888,,.29,,,,,,,,,135184
0d3160b80aa406bfc718c007265b9e73-linked_list_swap_contents_safety_unwind65,UNSAT,20,0,0,321.661836167,97,0,0,0,0,12207,1058,0,0,0,0,0,4096,5863,3525758,217663981,30,8340220,8340220,,8340220,2487639,29310712,29310712,27.07,.16,18.22,10961.07,676685.75,0.00,,,8340220,27.07,750749184
0d81711a3d73c828e8c6e12607eda82d-noL-11-20.sanitized,TIMEOUT,124,0,0,48788.987540914,10,0,0,0,0,39,4328,0,0,0,0,0,4096,,,,,,,,,1419,7821,7821,,.36,,,,,,,,,133572
0cace8a29a1d6b225a8da561d35e8f5a-lru_10.sanitized,ERROR,0,0,0,67.685504972,75,0,0,0,0,21351,96,2968,0,0,0,0,4096,,,,,,,,,0,0,0,,0,,,,,,,,,2653918562
0d3fcbb89bfb8e821058ba3ea4284de1-j3045_10_gmto_b,TIMEOUT,124,0,0,48805.770739770,10,0,0,0,0,51,6783,256,0,0,0,0,4096,,,,,,,,,14560,48075,48075,,.60,,,,,,,,,820070
0cfe9c90d3a51435a5e4dba7634b882f-g2-ak128boothbg2msisc,TIMEOUT,124,0,0,48846.871171696,10,0,0,0,0,422,8229,160,0,0,0,0,4096,,,,,,,,,377084,1227752,1227752,,.61,,,,,,,,,23684446
0bad2ce307bf5b68db26fa34e252c9d4-af-synthesis_stb_50_100_4_sat,TIMEOUT,124,0,0,5000.268385209,99,0,0,0,0,130,12630,416,0,0,0,0,4096,,,,,,,,,21888,253853,253853,,.17,,,,,,,,,5613995
0ac6aaf6db6a0e4ec3a06e865d01086f-pcmax-scheduling-m13-2011-12813-UNSAT.sanitized,TIMEOUT,124,0,0,5000.176610533,99,0,0,0,0,41,1665,0,0,0,0,0,4096,,,,,,,,,2010,11953,11953,,.33,,,,,,,,,212475
0ac5ff376b826f68d384ba05a1d00de0-sokoban-p20.sas.cr.33,TIMEOUT,124,0,0,5000.499617597,99,0,0,0,0,423,6622,0,0,0,0,0,4096,,,,,,,,,162928,1205807,1205807,,.27,,,,,,,,,23961439
09d7add3bf3b75c5d1023a92e752989a-Break_unsat_04_03.xml,UNSAT,20,0,0,.254822283,16,0,0,0,0,35,1,0,0,0,0,0,4096,555,670,33286,5,6667,6667,,6667,221,1084,1084,18.11,.40,2177.98,2629.28,130624.36,0.00,,,6667,18.11,11926
09c1b79b1cfe3522364fe60aef780703-x9-12092.sat.sanitized,SAT,10,0,0,548.766748665,99,0,0,0,0,38,264,0,0,0,0,0,4096,9526245,12487128,1125908370,15611,369304446,369304446,,369304446,600,5399,5399,23.54,.22,17359.36,22754.89,2051706.61,0.00,,,369304446,23.54,67381
09b61bbf19748094a7d896aac314ab36-x9-12063.sat.sanitized,SAT,10,0,0,1062.133916800,99,0,0,0,0,37,4114,0,0,0,0,0,4096,16561285,21343958,1956029001,24574,627583476,627583476,,627583476,600,5402,5402,23.68,.22,15592.46,20095.35,1841602.99,0.00,,,627583476,23.68,67366
0a27eb7c16c1e69ff4d087d217ac89cb-noL-11-0.sanitized,TIMEOUT,124,0,0,5000.184429312,99,0,0,0,0,39,6468,0,0,0,0,0,4096,,,,,,,,,1419,7821,7821,,.36,,,,,,,,,133450
093fa3ff9f7bc9979c43f9d2310ac21d-128_125.sanitized,ERROR,0,0,0,57.866625472,69,0,0,0,0,21246,75,0,0,0,0,0,4096,,,,,,,,,0,0,0,,0,,,,,,,,,3024924434
0a02751cacf5e1cdfcc842a7f220199f-hwmcc17miters-xits-iso-bobsmfpu.sanitized,TIMEOUT,124,0,0,5000.180711559,99,0,0,0,0,94,8015,0,0,0,0,0,4096,,,,,,,,,62500,204018,204018,,.61,,,,,,,,,3623033
096e485489025895cdc59887baafa08b-test_v7_r17_vr5_c1_s25451.smt2-cvc4,TIMEOUT,124,0,0,5000.274203898,99,0,0,0,0,944,12497,0,0,0,0,0,4096,,,,,,,,,560348,2509155,2509155,,.44,,,,,,,,,56097693
08ccc34df5d8eb9e9d45278af3dc093d-simon-r16-1.sanitized,TIMEOUT,124,0,0,5000.199771007,99,0,0,0,0,38,2721,0,0,0,0,0,4096,,,,,,,,,2688,8768,8768,,.61,,,,,,,,,138864
0876c518e5653369e20fb1ee0bb8db40-mp1-klieber2017s-0500-023-t12,SAT,10,0,0,281.701576738,99,0,0,0,0,58,140,0,0,0,0,0,4096,741218,798758,793171786,1534,19060094,19060094,,19060094,30587,91689,91689,55.24,.66,2631.21,2835.47,2815645.53,0.00,,,19060094,55.24,1386753
08be288536c3178e6874a5676493923c-g2-hwmcc15deep-bob12s02-k16,TIMEOUT,124,0,0,5000.280188253,99,0,0,0,0,215,12150,0,0,0,0,0,4096,,,,,,,,,203492,602144,602144,,.67,,,,,,,,,11085642
07e6413459f92b613498a719125b6239-j3037_10_mdd_bm1,UNSAT,20,0,0,51.443605179,99,0,0,0,0,51,63,0,0,0,0,0,4096,265933,324343,271440485,636,6170040,6170040,,6170040,14400,63874,63874,48.37,.45,5169.40,6304.82,5276466.99,0.00,,,6170040,48.37,1042113
07c50b89d97a55b6e1629999a445a2ba-ctl_4201_555_unsat_pre,UNSAT,20,0,0,22747.745385025,11,0,0,0,0,83,4687,0,0,0,0,0,4096,14067070,16868382,5811091505,20811,249020465,249020465,,249020465,14756,141683,141683,46.01,.20,618.39,741.54,255457.91,0.00,,,249020465,46.01,2936985
089f909e37b3ef0c4d90687f7e22b68f-simon-r18-0.sanitized,TIMEOUT,124,0,0,25046.098483215,19,0,0,0,0,39,5269,0,0,0,0,0,4096,,,,,,,,,3008,9856,9856,,.61,,,,,,,,,157073
07b476c83150d3cb7e08f5d045e255ab-marg5x5.shuffled-as.sat03-1455,TIMEOUT,124,0,0,25046.051853360,19,0,0,0,0,39,4214,0,0,0,0,0,4096,,,,,,,,,105,512,512,,.41,,,,,,,,,9026
04e219c640ed59dc68ea2d50493de5b5-mp1-Nb5T15,SAT,10,0,0,386.289225747,99,0,0,0,0,44,563,0,0,0,0,0,4096,7304936,11273777,1353237338,12034,485403389,485403389,,485403389,6360,25200,25200,10.31,.50,18910.53,29184.80,3503171.32,0.00,,,485403389,10.31,423611
05ed64e4e6229f446082752936768489-stb_495_168.apx_2_DC-AD,UNSAT,20,0,0,3051.572531587,99,0,0,0,0,42,1103,0,0,0,0,0,4096,25513984,33435953,2515507070,34745,1066864666,1066864666,,1066864666,990,20242,20242,25.00,.09,8360.92,10956.95,824331.40,0.00,,,1066864666,25.00,255176
02f6ca52f1ada872d82035088701b66a-linked_list_swap_contents_safety_unwind69,UNSAT,20,0,0,471.449617354,98,0,0,0,0,13649,901,0,0,0,0,0,4096,14085,6981850,597180975,61,40228625,40228625,,40228625,2705815,32653863,32653863,13.30,.16,29.87,14809.32,1266690.97,0.00,,,40228625,13.30,839748157
02e4f23ed59566d343b605dc2cc30a01-REGRandom-K4-L3-Seed40.sanitized,ERROR,0,0,0,1514.110692324,99,0,0,0,0,5427,2865,0,0,0,0,0,4096,,,,,,,,,22528,13231616,13231616,,0,,,,,,,,,332520882
05c8e94aaee86390eaf6e68dd3ec3570-noL-11-2.sanitized,TIMEOUT,124,0,0,5000.154579371,99,0,0,0,0,39,3617,0,0,0,0,0,4096,,,,,,,,,1419,7821,7821,,.36,,,,,,,,,133462
02066c116dbacc40ec5cca2067db26c0-mrpp_4x4#12_12,UNSAT,20,0,0,613.187079141,99,0,0,0,0,41,1080,0,0,0,0,0,4096,14706235,20521568,1406099352,22078,374524655,374524655,,374524655,2672,16280,16280,35.92,.32,23983.27,33467.05,2293100.09,0.00,,,374524655,35.92,260694
04ded94454830d4ea960327e8b91f5a3-mdp-28-14-sat,SAT,10,0,0,3689.120530267,99,0,0,0,0,39,1541,0,0,0,0,0,4096,104113717,107588914,22796378391,131070,2446037185,2446037185,,2446037185,792,4385,4385,35.45,.36,28221.82,29163.83,6179353.10,0.00,,,2446037185,35.45,68960
0265448c232e3a25aa5bcd29b1b14567-x9-10051.sat.sanitized,UNSAT,20,0,0,2852.797619203,99,0,0,0,0,39,3710,0,0,0,0,0,4096,50298707,61960647,5200093704,65535,1702653339,1702653339,,1702653339,500,4498,4498,26.78,.22,17631.36,21719.25,1822804.97,0.00,,,1702653339,26.78,55840
00d1fe07ab948b348bb3fb423b1ef40d-lec_mult_KvW_12x11.sanitized,TIMEOUT,124,0,0,7981.251755459,62,0,0,0,0,44,8881,0,0,0,0,0,4096,,,,,,,,,5068,15159,15159,,.66,,,,,,,,,217604
